{"01": {"R2": 0.1967, "RMSE_68%": 0.337938, "RMSE_95%": 0.675876}, "02": {"R2": 0.9703, "RMSE_68%": 0.413989, "RMSE_95%": 0.827978}, "03": {"R2": 0.8307, "RMSE_68%": 1.530466, "RMSE_95%": 3.060932}, "04": {"R2": 0, "RMSE_68%": 0.002748, "RMSE_95%": 0.005496}, "05": {"R2": 0.9704, "RMSE_68%": 0.068081, "RMSE_95%": 0.136162}, "06": {"R2": 0.98, "RMSE_68%": 0.084314, "RMSE_95%": 0.168628}, "07": {"R2": -0.3243, "RMSE_68%": 0.055243, "RMSE_95%": 0.110486}, "08": {"R2": 0.9848, "RMSE_68%": 1.581292, "RMSE_95%": 3.162584}, "09": {"R2": 0.956, "RMSE_68%": 0.451088, "RMSE_95%": 0.902176}, "10": {"R2": 0.964, "RMSE_68%": 1.803381, "RMSE_95%": 3.606762}, "11": {"R2": 0.861, "RMSE_68%": 0.105796, "RMSE_95%": 0.211592}, "12": {"R2": -58.4478, "RMSE_68%": 1.20579, "RMSE_95%": 2.41158}, "13": {"R2": -1.9479, "RMSE_68%": 1.426893, "RMSE_95%": 2.853786}, "14": {"R2": 0.9868, "RMSE_68%": 0.202246, "RMSE_95%": 0.404492}, "15": {"R2": 0.9436, "RMSE_68%": 0.640845, "RMSE_95%": 1.28169}, "16": {"R2": 0.8399, "RMSE_68%": 0.497813, "RMSE_95%": 0.995626}, "17": {"R2": -0.5287, "RMSE_68%": 0.457794, "RMSE_95%": 0.915588}, "18": {"R2": 0.9458, "RMSE_68%": 0.084401, "RMSE_95%": 0.168802}, "19": {"R2": 0.5326, "RMSE_68%": 4.583034, "RMSE_95%": 9.166068}, "20": {"R2": 0.9102, "RMSE_68%": 0.454452, "RMSE_95%": 0.908904}, "21": {"R2": 0.9922, "RMSE_68%": 1.364422, "RMSE_95%": 2.728844}, "22": {"R2": 0.9765, "RMSE_68%": 0.531006, "RMSE_95%": 1.062012}, "23": {"R2": 0.9958, "RMSE_68%": 0.430879, "RMSE_95%": 0.861758}, "24": {"R2": 0.8221, "RMSE_68%": 0.636197, "RMSE_95%": 1.272394}, "25": {"R2": -0.5475, "RMSE_68%": 4.445021, "RMSE_95%": 8.890042}, "26": {"R2": 0.128, "RMSE_68%": 1.935408, "RMSE_95%": 3.870816}, "27": {"R2": 0.9731, "RMSE_68%": 1.561877, "RMSE_95%": 3.123754}, "28": {"R2": 0.915, "RMSE_68%": 4.431806, "RMSE_95%": 8.863612}, "29": {"R2": 0.9663, "RMSE_68%": 2.192866, "RMSE_95%": 4.385732}}