{"01": {"R2": 0.2792, "RMSE_68%": 27.863852, "RMSE_95%": 55.727704}, "02": {"R2": -25.2433, "RMSE_68%": 70.428925, "RMSE_95%": 140.85785}, "03": {"R2": 0.4951, "RMSE_68%": 10.904943, "RMSE_95%": 21.809886}, "04": {"R2": -0.1087, "RMSE_68%": 0.695785, "RMSE_95%": 1.39157}, "05": {"R2": -96.476, "RMSE_68%": 1.797772, "RMSE_95%": 3.595544}, "06": {"R2": -0.7667, "RMSE_68%": 3.364001, "RMSE_95%": 6.728002}, "07": {"R2": -0.0289, "RMSE_68%": 0.609062, "RMSE_95%": 1.218124}, "08": {"R2": 0.3787, "RMSE_68%": 29.694292, "RMSE_95%": 59.388584}, "09": {"R2": -1.8121, "RMSE_68%": 1.877209, "RMSE_95%": 3.754418}, "10": {"R2": 0.5783, "RMSE_68%": 14.897869, "RMSE_95%": 29.795738}, "11": {"R2": 0.0019, "RMSE_68%": 2.369215, "RMSE_95%": 4.73843}, "12": {"R2": -68.5083, "RMSE_68%": 0.987884, "RMSE_95%": 1.975768}, "13": {"R2": -5.4257, "RMSE_68%": 4.728258, "RMSE_95%": 9.456516}, "14": {"R2": 0.6381, "RMSE_68%": 7.4713, "RMSE_95%": 14.9426}, "15": {"R2": -0.2692, "RMSE_68%": 7.136994, "RMSE_95%": 14.273988}, "16": {"R2": -0.0253, "RMSE_68%": 0.983871, "RMSE_95%": 1.967742}, "17": {"R2": 0.2019, "RMSE_68%": 8.319247, "RMSE_95%": 16.638494}, "18": {"R2": 0.8376, "RMSE_68%": 7.144025, "RMSE_95%": 14.28805}, "19": {"R2": -0.004, "RMSE_68%": 36.389267, "RMSE_95%": 72.778534}, "20": {"R2": 0.5402, "RMSE_68%": 1.23554, "RMSE_95%": 2.47108}, "21": {"R2": 0.7842, "RMSE_68%": 8.755554, "RMSE_95%": 17.511108}, "22": {"R2": 0.9925, "RMSE_68%": 4.376298, "RMSE_95%": 8.752596}, "23": {"R2": 0.5078, "RMSE_68%": 8.596724, "RMSE_95%": 17.193448}, "24": {"R2": 0.8124, "RMSE_68%": 3.719698, "RMSE_95%": 7.439396}, "25": {"R2": -0.3445, "RMSE_68%": 4.263812, "RMSE_95%": 8.527624}, "26": {"R2": -0.5015, "RMSE_68%": 15.063692, "RMSE_95%": 30.127384}, "27": {"R2": 0.6378, "RMSE_68%": 2.440258, "RMSE_95%": 4.880516}, "28": {"R2": 0.5852, "RMSE_68%": 17.454796, "RMSE_95%": 34.909592}, "29": {"R2": 0.4957, "RMSE_68%": 4.791306, "RMSE_95%": 9.582612}}