{"01": {"R2": NaN, "RMSE_68%": 3.378607, "RMSE_95%": 6.757214}, "02": {"R2": NaN, "RMSE_68%": 0.898336, "RMSE_95%": 1.796672}, "03": {"R2": NaN, "RMSE_68%": 2.423527, "RMSE_95%": 4.847054}, "04": {"R2": NaN, "RMSE_68%": 0.068152, "RMSE_95%": 0.136304}, "05": {"R2": NaN, "RMSE_68%": 0.238773, "RMSE_95%": 0.477546}, "06": {"R2": NaN, "RMSE_68%": 0.103921, "RMSE_95%": 0.207842}, "07": {"R2": NaN, "RMSE_68%": 1.128216, "RMSE_95%": 2.256432}, "08": {"R2": -0.0783, "RMSE_68%": 0.667802, "RMSE_95%": 1.335604}, "09": {"R2": NaN, "RMSE_68%": 1.457931, "RMSE_95%": 2.915862}, "10": {"R2": NaN, "RMSE_68%": 3.774872, "RMSE_95%": 7.549744}, "11": {"R2": NaN, "RMSE_68%": 0.08541, "RMSE_95%": 0.17082}, "13": {"R2": NaN, "RMSE_68%": 1.653131, "RMSE_95%": 3.306262}, "14": {"R2": -3.6853, "RMSE_68%": 2.109273, "RMSE_95%": 4.218546}, "15": {"R2": 0.0347, "RMSE_68%": 0.925069, "RMSE_95%": 1.850138}, "16": {"R2": NaN, "RMSE_68%": 2.66694, "RMSE_95%": 5.33388}, "17": {"R2": NaN, "RMSE_68%": 0.044495, "RMSE_95%": 0.08899}, "18": {"R2": NaN, "RMSE_68%": 0.420959, "RMSE_95%": 0.841918}, "19": {"R2": NaN, "RMSE_68%": 0.045827, "RMSE_95%": 0.091654}, "20": {"R2": NaN, "RMSE_68%": 0.083095, "RMSE_95%": 0.16619}, "21": {"R2": 0.422, "RMSE_68%": 2.211823, "RMSE_95%": 4.423646}, "22": {"R2": NaN, "RMSE_68%": 1.221735, "RMSE_95%": 2.44347}, "23": {"R2": NaN, "RMSE_68%": 0.373255, "RMSE_95%": 0.74651}, "24": {"R2": -13.4371, "RMSE_68%": 0.306012, "RMSE_95%": 0.612024}, "25": {"R2": NaN, "RMSE_68%": 0.71778, "RMSE_95%": 1.43556}, "26": {"R2": -22.7426, "RMSE_68%": 1.691916, "RMSE_95%": 3.383832}, "27": {"R2": -0.1142, "RMSE_68%": 0.667584, "RMSE_95%": 1.335168}, "28": {"R2": 0.574, "RMSE_68%": 1.26033, "RMSE_95%": 2.52066}, "29": {"R2": NaN, "RMSE_68%": 0.418397, "RMSE_95%": 0.836794}}