{"01": {"R2": 0.9082, "RMSE_68%": 0.910495, "RMSE_95%": 1.82099}, "02": {"R2": 0.8757, "RMSE_68%": 5.878604, "RMSE_95%": 11.757208}, "03": {"R2": 0.6995, "RMSE_68%": 15.326211, "RMSE_95%": 30.652422}, "04": {"R2": -0.4331, "RMSE_68%": 0.132781, "RMSE_95%": 0.265562}, "05": {"R2": 0.8033, "RMSE_68%": 3.42592, "RMSE_95%": 6.85184}, "06": {"R2": -0.2388, "RMSE_68%": 0.200109, "RMSE_95%": 0.400218}, "07": {"R2": 0.8208, "RMSE_68%": 0.08676, "RMSE_95%": 0.17352}, "08": {"R2": 0.465, "RMSE_68%": 36.590672, "RMSE_95%": 73.181344}, "09": {"R2": 0.4365, "RMSE_68%": 3.08984, "RMSE_95%": 6.17968}, "10": {"R2": 0.8926, "RMSE_68%": 57.629303, "RMSE_95%": 115.258606}, "11": {"R2": -0.4009, "RMSE_68%": 6.786283, "RMSE_95%": 13.572566}, "13": {"R2": 0.1813, "RMSE_68%": 7.001079, "RMSE_95%": 14.002158}, "14": {"R2": 0.244, "RMSE_68%": 4.569874, "RMSE_95%": 9.139748}, "15": {"R2": 0.2917, "RMSE_68%": 1.505454, "RMSE_95%": 3.010908}, "16": {"R2": 0.8101, "RMSE_68%": 1.912521, "RMSE_95%": 3.825042}, "17": {"R2": 0.8948, "RMSE_68%": 0.388384, "RMSE_95%": 0.776768}, "18": {"R2": 0.6309, "RMSE_68%": 10.256962, "RMSE_95%": 20.513924}, "19": {"R2": 0.9302, "RMSE_68%": 0.415659, "RMSE_95%": 0.831318}, "20": {"R2": 0.7086, "RMSE_68%": 0.788622, "RMSE_95%": 1.577244}, "21": {"R2": 0.8048, "RMSE_68%": 3.801242, "RMSE_95%": 7.602484}, "22": {"R2": 0.3631, "RMSE_68%": 1.752081, "RMSE_95%": 3.504162}, "23": {"R2": 0.889, "RMSE_68%": 1.281175, "RMSE_95%": 2.56235}, "24": {"R2": 0.0819, "RMSE_68%": 2.053697, "RMSE_95%": 4.107394}, "25": {"R2": 0.6655, "RMSE_68%": 3.8537, "RMSE_95%": 7.7074}, "26": {"R2": 0.4519, "RMSE_68%": 17.475401, "RMSE_95%": 34.950802}, "27": {"R2": 0.4456, "RMSE_68%": 4.549253, "RMSE_95%": 9.098506}, "28": {"R2": 0.2471, "RMSE_68%": 9.523568, "RMSE_95%": 19.047136}, "29": {"R2": 0.4317, "RMSE_68%": 6.895541, "RMSE_95%": 13.791082}}