{"learner":{"attributes":{"best_iteration":"0","best_msg":"[0]\tvalidation_0-rmse:1.19420\tvalidation_0-logloss:0.47397\tvalidation_1-rmse:0.11915\tvalidation_1-logloss:0.72084","best_score":"0.72084","scikit_learn":"{\"n_estimators\": 100, \"objective\": \"reg:squarederror\", \"max_depth\": null, \"learning_rate\": null, \"verbosity\": null, \"booster\": null, \"tree_method\": null, \"gamma\": null, \"min_child_weight\": null, \"max_delta_step\": null, \"subsample\": null, \"colsample_bytree\": null, \"colsample_bylevel\": null, \"colsample_bynode\": null, \"reg_alpha\": null, \"reg_lambda\": null, \"scale_pos_weight\": null, \"base_score\": null, \"missing\": NaN, \"num_parallel_tree\": null, \"kwargs\": {}, \"random_state\": 42, \"n_jobs\": null, \"monotone_constraints\": null, \"interaction_constraints\": null, \"importance_type\": \"gain\", \"gpu_id\": null, \"validate_parameters\": null, \"n_features_in_\": 6, \"evals_result_\": {\"validation_0\": {\"rmse\": [1.194197, 1.17095, 1.158633, 1.152134, 1.148708, 1.146898, 1.145939, 1.145428, 1.145154, 1.145006], \"logloss\": [0.473966, 0.329758, 0.171063, -1.271295, -1.287986, -1.298151, -1.304246, -1.30783, -1.309897, -1.31107]}, \"validation_1\": {\"rmse\": [0.119145, 0.185064, 0.231897, 0.265138, 0.288725, 0.305461, 0.317335, 0.325759, 0.331736, 0.335977], \"logloss\": [0.72084, 0.767243, 0.820831, 0.875762, 0.92849, 0.976718, 1.019054, 1.054862, 1.084148, 1.107397]}}, \"best_score\": 0.72084, \"best_iteration\": 0, \"best_ntree_limit\": 1, \"type\": \"XGBRegressor\"}"},"gradient_booster":{"model":{"gbtree_model_param":{"num_trees":"11","size_leaf_vector":"0"},"tree_info":[0,0,0,0,0,0,0,0,0,0,0],"trees":[{"base_weights":[3.737255E-1,-4.884615E-2,5.05E-1,-2.4499997E-2,-1.7050001E-1,7.0750004E-1,4.3859375E-1],"default_left":[true,true,true,false,false,false,false],"id":0,"leaf_child_counts":[0,0,0,0,0,0,0],"left_children":[1,3,5,-1,-1,-1,-1],"loss_changes":[2.8537846E0,3.43262E-2,2.1413898E-1,0E0,0E0,0E0,0E0],"parents":[2147483647,0,0,1,1,2,2],"right_children":[2,4,6,-1,-1,-1,-1],"split_conditions":[4.6070016E2,7.1571106E-1,5.6506956E-1,-7.3499996E-3,-5.1150005E-2,2.1225002E-1,1.3157813E-1],"split_indices":[4,0,0,0,0,0,0],"sum_hessian":[5E1,1.2E1,3.8E1,1.1E1,1E0,7E0,3.1E1],"tree_param":{"num_deleted":"0","num_feature":"6","num_nodes":"7","size_leaf_vector":"0"}},{"base_weights":[2.672025E-1,-3.869231E-2,3.623161E-1,-1.7762503E-2,-1.44925E-1,5.2178127E-1,3.1112742E-1],"default_left":[true,true,true,false,false,false,false],"id":1,"leaf_child_counts":[0,0,0,0,0,0,0],"left_children":[1,3,5,-1,-1,-1,-1],"loss_changes":[1.4978509E0,2.6330356E-2,1.560092E-1,0E0,0E0,0E0,0E0],"parents":[2147483647,0,0,1,1,2,2],"right_children":[2,4,6,-1,-1,-1,-1],"split_conditions":[4.6070016E2,7.1571106E-1,5.6506956E-1,-5.328751E-3,-4.34775E-2,1.5653439E-1,9.333823E-2],"split_indices":[4,0,0,0,0,0,0],"sum_hessian":[5E1,1.2E1,3.8E1,1.1E1,1E0,7E0,3.1E1],"tree_param":{"num_deleted":"0","num_feature":"6","num_nodes":"7","size_leaf_vector":"0"}},{"base_weights":[1.909842E-1,-3.0838948E-2,2.6002824E-1,-1.2877817E-2,-1.2318625E-1,3.8481367E-1,2.2070599E-1],"default_left":[true,true,true,false,false,false,false],"id":2,"leaf_child_counts":[0,0,0,0,0,0,0],"left_children":[1,3,5,-1,-1,-1,-1],"loss_changes":[7.891127E-1,1.9976234E-2,1.06436014E-1,0E0,0E0,0E0,0E0],"parents":[2147483647,0,0,1,1,2,2],"right_children":[2,4,6,-1,-1,-1,-1],"split_conditions":[4.6070016E2,7.1571106E-1,5.6506956E-1,-3.8633454E-3,-3.695588E-2,1.154441E-1,6.62118E-2],"split_indices":[4,0,0,0,0,0,0],"sum_hessian":[5E1,1.2E1,3.8E1,1.1E1,1E0,7E0,3.1E1],"tree_param":{"num_deleted":"0","num_feature":"6","num_nodes":"7","size_leaf_vector":"0"}},{"base_weights":[1.3645044E-1,-2.472721E-2,1.8667759E-1,-9.336427E-3,-1.0470831E-1,2.838001E-1,1.565633E-1],"default_left":[true,true,true,false,false,false,false],"id":3,"leaf_child_counts":[0,0,0,0,0,0,0],"left_children":[1,3,5,-1,-1,-1,-1],"loss_changes":[4.1748625E-1,1.5025031E-2,6.9633484E-2,0E0,0E0,0E0,0E0],"parents":[2147483647,0,0,1,1,2,2],"right_children":[2,4,6,-1,-1,-1,-1],"split_conditions":[4.6070016E2,7.1571106E-1,5.6506956E-1,-2.8009282E-3,-3.1412493E-2,8.5140035E-2,4.6968993E-2],"split_indices":[4,0,0,0,0,0,0],"sum_hessian":[5E1,1.2E1,3.8E1,1.1E1,1E0,7E0,3.1E1],"tree_param":{"num_deleted":"0","num_feature":"6","num_nodes":"7","size_leaf_vector":"0"}},{"base_weights":[9.743483E-2,-1.9940838E-2,1.3406172E-1,-6.768897E-3,-8.9002065E-2,2.093026E-1,1.1106208E-1],"default_left":[true,true,true,false,false,false,false],"id":4,"leaf_child_counts":[0,0,0,0,0,0,0],"left_children":[1,3,5,-1,-1,-1,-1],"loss_changes":[2.2192773E-1,1.122327E-2,4.424447E-2,0E0,0E0,0E0,0E0],"parents":[2147483647,0,0,1,1,2,2],"right_children":[2,4,6,-1,-1,-1,-1],"split_conditions":[4.6070016E2,7.1571106E-1,5.6506956E-1,-2.0306692E-3,-2.6700621E-2,6.279078E-2,3.3318624E-2],"split_indices":[4,0,0,0,0,0,0],"sum_hessian":[5E1,1.2E1,3.8E1,1.1E1,1E0,7E0,3.1E1],"tree_param":{"num_deleted":"0","num_feature":"6","num_nodes":"7","size_leaf_vector":"0"}},{"base_weights":[6.9525525E-2,-1.6168686E-2,9.630755E-2,-4.9074492E-3,-7.565176E-2,1.5436068E-1,7.878466E-2],"default_left":[true,true,true,false,false,false,false],"id":5,"leaf_child_counts":[0,0,0,0,0,0,0],"left_children":[1,3,5,-1,-1,-1,-1],"loss_changes":[1.18605465E-1,8.336831E-3,2.7511865E-2,0E0,0E0,0E0,0E0],"parents":[2147483647,0,0,1,1,2,2],"right_children":[2,4,6,-1,-1,-1,-1],"split_conditions":[4.6070016E2,7.1571106E-1,5.6506956E-1,-1.4722348E-3,-2.2695528E-2,4.6308205E-2,2.3635399E-2],"split_indices":[4,0,0,0,0,0,0],"sum_hessian":[5E1,1.2E1,3.8E1,1.1E1,1E0,7E0,3.1E1],"tree_param":{"num_deleted":"0","num_feature":"6","num_nodes":"7","size_leaf_vector":"0"}},{"base_weights":[4.9565423E-2,-1.3177137E-2,6.9208704E-2,-3.5579007E-3,-6.430399E-2,1.1384105E-1,5.5887844E-2],"default_left":[true,true,true,false,false,false,false],"id":6,"leaf_child_counts":[0,0,0,0,0,0,0],"left_children":[1,3,5,-1,-1,-1,-1],"loss_changes":[6.3767925E-2,6.16463E-3,1.6824782E-2,0E0,0E0,0E0,0E0],"parents":[2147483647,0,0,1,1,2,2],"right_children":[2,4,6,-1,-1,-1,-1],"split_conditions":[4.6070016E2,7.1571106E-1,5.6506956E-1,-1.0673703E-3,-1.9291196E-2,3.4152318E-2,1.6766354E-2],"split_indices":[4,0,0,0,0,0,0],"sum_hessian":[5E1,1.2E1,3.8E1,1.1E1,1E0,7E0,3.1E1],"tree_param":{"num_deleted":"0","num_feature":"6","num_nodes":"7","size_leaf_vector":"0"}},{"base_weights":[3.5295025E-2,-1.0790042E-2,4.9751714E-2,-2.5794804E-3,-5.465839E-2,8.395781E-2,3.964545E-2],"default_left":[true,true,true,false,false,false,false],"id":7,"leaf_child_counts":[0,0,0,0,0,0,0],"left_children":[1,3,5,-1,-1,-1,-1],"loss_changes":[3.4514934E-2,4.541399E-3,1.0153592E-2,0E0,0E0,0E0,0E0],"parents":[2147483647,0,0,1,1,2,2],"right_children":[2,4,6,-1,-1,-1,-1],"split_conditions":[4.6070016E2,7.1571106E-1,5.6506956E-1,-7.7384413E-4,-1.6397517E-2,2.5187345E-2,1.1893635E-2],"split_indices":[4,0,0,0,0,0,0],"sum_hessian":[5E1,1.2E1,3.8E1,1.1E1,1E0,7E0,3.1E1],"tree_param":{"num_deleted":"0","num_feature":"6","num_nodes":"7","size_leaf_vector":"0"}},{"base_weights":[2.5096897E-2,-8.873897E-3,3.5776984E-2,-1.8701156E-3,-4.6459638E-2,6.1918862E-2,2.8123487E-2],"default_left":[true,true,true,false,false,false,false],"id":8,"leaf_child_counts":[0,0,0,0,0,0,0],"left_children":[1,3,5,-1,-1,-1,-1],"loss_changes":[1.8820848E-2,3.3352654E-3,6.061621E-3,0E0,0E0,0E0,0E0],"parents":[2147483647,0,0,1,1,2,2],"right_children":[2,4,6,-1,-1,-1,-1],"split_conditions":[4.6070016E2,7.1571106E-1,5.6506956E-1,-5.610347E-4,-1.3937891E-2,1.8575659E-2,8.437047E-3],"split_indices":[4,0,0,0,0,0,0],"sum_hessian":[5E1,1.2E1,3.8E1,1.1E1,1E0,7E0,3.1E1],"tree_param":{"num_deleted":"0","num_feature":"6","num_nodes":"7","size_leaf_vector":"0"}},{"base_weights":[1.7813195E-2,-7.3270374E-3,2.5736522E-2,-1.3558418E-3,-3.9490692E-2,4.5665152E-2,1.99501E-2],"default_left":[true,true,true,false,false,false,false],"id":9,"leaf_child_counts":[0,0,0,0,0,0,0],"left_children":[1,3,5,-1,-1,-1,-1],