{"learner":{"attributes":{"best_iteration":"0","best_msg":"[0]\tvalidation_0-rmse:135.20975\tvalidation_0-logloss:-2736.95972\tvalidation_1-rmse:40.01925\tvalidation_1-logloss:-1377.86157","best_score":"-1377.861572","scikit_learn":"{\"n_estimators\": 100, \"objective\": \"reg:squarederror\", \"max_depth\": null, \"learning_rate\": null, \"verbosity\": null, \"booster\": null, \"tree_method\": null, \"gamma\": null, \"min_child_weight\": null, \"max_delta_step\": null, \"subsample\": null, \"colsample_bytree\": null, \"colsample_bylevel\": null, \"colsample_bynode\": null, \"reg_alpha\": null, \"reg_lambda\": null, \"scale_pos_weight\": null, \"base_score\": null, \"missing\": NaN, \"num_parallel_tree\": null, \"kwargs\": {}, \"random_state\": 42, \"n_jobs\": null, \"monotone_constraints\": null, \"interaction_constraints\": null, \"importance_type\": \"gain\", \"gpu_id\": null, \"validate_parameters\": null, \"n_features_in_\": 6, \"evals_result_\": {\"validation_0\": {\"rmse\": [135.209747, 99.317223, 73.296806, 54.539448, 41.154881, 31.768278, 25.362122, 21.153301, 18.511898, 16.929125], \"logloss\": [-2736.959717, -2739.194092, -2739.195801, -2739.196777, -2739.197266, -2739.200195, -2739.200195, -2739.20166, -2739.202637, -2739.202637]}, \"validation_1\": {\"rmse\": [40.019249, 29.44412, 22.706923, 18.72739, 16.602787, 15.595355, 15.18331, 15.038566, 15.02184, 15.052778], \"logloss\": [-1377.861572, -1377.861572, -1377.861572, -1377.861572, -1377.861572, -1377.861572, -1377.861572, -1377.861572, -1377.861572, -1377.861572]}}, \"best_score\": -1377.861572, \"best_iteration\": 0, \"best_ntree_limit\": 1, \"type\": \"XGBRegressor\"}"},"gradient_booster":{"model":{"gbtree_model_param":{"num_trees":"11","size_leaf_vector":"0"},"tree_info":[0,0,0,0,0,0,0,0,0,0,0],"trees":[{"base_weights":[7.441731E1,7.56615E2,4.0644505E1,1.0145E2,9.664138E0,1.5094473E1,1.43396E0,1.6316433E1,2.97375E0,8.673061E-1,1.46E1,1.4894463E1,2.0635714E1,5.584348E-1,4.2025003E0,1.226875E0,1.9541936E-1],"default_left":[true,false,true,false,true,true,true,true,false,true,false,false,false,true,false,false,false],"id":0,"leaf_child_counts":[0,0,0,0,0,0,0,0,0,0,0,0,0,0,0,0,0],"left_children":[1,-1,3,-1,5,7,9,11,-1,13,-1,-1,-1,15,-1,-1,-1],"loss_changes":[4.392876E6,0E0,3.4563444E5,0E0,5.475548E3,1.0474961E3,3.603667E2,1.0414844E2,0E0,4.813032E1,0E0,0E0,0E0,1.0922334E1,0E0,0E0,0E0],"parents":[2147483647,0,0,2,2,4,4,5,5,6,6,7,7,9,9,13,13],"right_children":[2,-1,4,-1,6,8,10,12,-1,14,-1,-1,-1,16,-1,-1,-1],"split_conditions":[4.379533E2,2.2698451E2,4.5422437E2,3.0435E1,9.389013E0,2.9568188E3,5.766617E1,2.616498E0,8.9212507E-1,3.3843652E3,4.38E0,4.468339E0,6.1907144E0,1.6833912E3,1.2607502E0,3.680625E-1,5.862581E-2],"split_indices":[3,0,3,0,0,4,0,0,0,4,0,0,0,4,0,0,0],"sum_hessian":[1.91E2,8E0,1.83E2,6.1E1,1.22E2,7.3E1,4.9E1,6.6E1,7E0,4.8E1,1E0,5.3E1,1.3E1,4.5E1,3E0,1.5E1,3E1],"tree_param":{"num_deleted":"0","num_feature":"6","num_nodes":"17","size_leaf_vector":"0"}},{"base_weights":[5.352461E1,5.54851E2,2.8712315E1,7.150589E1,6.9081373E0,1.0722228E1,1.1251208E0,1.1580593E1,2.1931405E0,6.415518E-1,1.241E1,1.0508871E1,1.4887195E1,4.0018016E-1,3.2569375E0,8.818164E-1,1.3868469E-1],"default_left":[true,false,true,false,true,true,true,true,false,true,false,false,false,true,false,false,false],"id":1,"leaf_child_counts":[0,0,0,0,0,0,0,0,0,0,0,0,0,0,0,0,0],"left_children":[1,-1,3,-1,5,7,9,11,-1,13,-1,-1,-1,15,-1,-1,-1],"loss_changes":[2.372368E6,0E0,1.711925E5,0E0,2.7009414E3,5.163613E2,2.6488922E2,8.09834E1,0E0,2.9629349E1,0E0,0E0,0E0,5.6712084E0,0E0,0E0,0E0],"parents":[2147483647,0,0,2,2,4,4,5,5,6,6,7,7,9,9,13,13],"right_children":[2,-1,4,-1,6,8,10,12,-1,14,-1,-1,-1,16,-1,-1,-1],"split_conditions":[4.379533E2,1.664553E2,4.5422437E2,2.1451767E1,9.389013E0,2.9568188E3,5.766617E1,2.616498E0,6.579422E-1,3.3843652E3,3.723E0,3.1526616E0,4.4661584E0,1.6833912E3,9.770813E-1,2.6454493E-1,4.160541E-2],"split_indices":[3,0,3,0,0,4,0,0,0,4,0,0,0,4,0,0,0],"sum_hessian":[1.91E2,8E0,1.83E2,6.1E1,1.22E2,7.3E1,4.9E1,6.6E1,7E0,4.8E1,1E0,5.3E1,1.3E1,4.5E1,3E0,1.5E1,3E1],"tree_param":{"num_deleted":"0","num_feature":"6","num_nodes":"17","size_leaf_vector":"0"}},{"base_weights":[3.851509E1,4.0689072E2,2.0287397E1,5.040012E1,4.943688E0,7.617408E0,8.8770914E-1,8.220129E0,1.6174409E0,4.7527462E-1,1.05485E1,7.4145923E0,1.07400465E1,2.8678155E-1,2.5241265E0,6.338055E-1,9.84214E-2],"default_left":[true,false,true,false,true,true,true,true,false,true,false,false,false,true,false,false,false],"id":2,"leaf_child_counts":[0,0,0,0,0,0,0,0,0,0,0,0,0,0,0,0,0],"left_children":[1,-1,3,-1,5,7,9,11,-1,13,-1,-1,-1,15,-1,-1,-1],"loss_changes":[1.2809559E6,0E0,8.476634E4,0E0,1.3271179E3,2.5431104E2,1.9420874E2,5.636914E1,0E0,1.8199652E1,0E0,0E0,0E0,2.9444325E0,0E0,0E0,0E0],"parents":[2147483647,0,0,2,2,4,4,5,5,6,6,7,7,9,9,13,13],"right_children":[2,-1,4,-1,6,8,10,12,-1,14,-1,-1,-1,16,-1,-1,-1],"split_conditions":[4.379533E2,1.2206722E2,4.5422437E2,1.5120036E1,9.389013E0,2.9568188E3,5.766617E1,2.616498E0,4.852323E-1,3.3843652E3,3.16455E0,2.2243779E0,3.2220142E0,1.6833912E3,7.57238E-1,1.9014166E-1,2.9526422E-2],"split_indices":[3,0,3,0,0,4,0,0,0,4,0,0,0,4,0,0,0],"sum_hessian":[1.91E2,8E0,1.83E2,6.1E1,1.22E2,7.3E1,4.9E1,6.6E1,7E0,4.8E1,1E0,5.3E1,1.3E1,4.5E1,3E0,1.5E1,3E1],"tree_param":{"num_deleted":"0","num_feature":"6","num_nodes":"17","size_leaf_vector":"0"}},{"base_weights":[2.7727545E1,2.9838654E2,1.4338098E1,3.5523956E1,3.5424767E0,5.4123425E0,7.042255E-1,5.8353796E0,1.1928627E0,3.526291E-1,8.966225E0,5.2314067E0,7.748176E0,2.0552246E-1,1.956198E0,4.5554766E-1,6.984744E-2],"default_left":[true,false,true,false,true,true,true,true,false,true,false,false,false,true,false,false,false],"id":3,"leaf_child_counts":[0,0,0,0,0,0,0,0,0,0,0,0,0,0,0,0,0],"left_children":[1,-1,3,-1,5,7,9,11,-1,13,-1,-1,-1,15,-1,-1,-1],"loss_changes":[6.915249E5,0E0,4.195763E4,0E0,6.489678E2,1.2512891E2,1.4208272E2,3.6869873E1,0E0,1.1156842E1,0E0,0E0,0E0,1.5286012E0,0E0,0E0,0E0],"parents":[2147483647,0,0,2,2,4,4,5,5,6,6,7,7,9,9,13,13],"right_children":[2,-1,4,-1,6,8,10,12,-1,14,-1,-1,-1,16,-1,-1,-1],"split_conditions":[4.379533E2,8.951596E1,4.5422437E2,1.0657187E1,9.389013E0,2.9568188E3,5.766617E1,2.616498E0,3.5785884E-1,3.3843652E3,2.6898675E0,1.5694221E0,2.3244529E0,1.6833912E3,5.868594E-1,1.366643E-1,2.0954233E-2],"split_indices":[3,0,3,0,0,4,0,0,0,4,0,0,0,4,0,0,0],"sum_hessian":[1.91E2,8E0,1.83E2,6.1E1,1.22E2,7.3E1,4.9E1,6.6E1,7E0,4.8E1,1E0,5.3E1,1.3E1,4.5E1,3E0,1.5E1,3E1],"tree_param":{"num_deleted":"0","num_feature":"6","num_nodes":"17","size_leaf_vector":"0"}},{"base_weights":[1.997105E1,2.1881682E2,1.0136359E1,2.5038658E1,2.542222E0,3.8460958E0,5.616448E-1,4.1428833E0,8.797362E-1,2.620338E-1,7.621291E0,3.6910486E0,5.5897555E0,1.4729221E-1,1.5160536E0,3.274249E-1,4.9569134E-2],"default_left":[true,false,true,false,true,true,true,true,false,true,false,false,false,true,false,false,false],"id":4,"leaf_child_counts":[0,0,0,0,0,0,0,0,0,0,0,0,0,0,0,0,0],"left_children":[1,-1,3,-1,5,7,9,11,-1,13,-1,-1,-1,15,-1,-1,-1],"loss_changes":[3.7325462E5,0E0,2.0759646E4,0E0,3.1547778E2,6.1503418E1,1.03760345E2,2.3169067E1,0E0,6.827219E0,0E0,0E0,0E0,7.935135E-1,0E0,0E0,0E0],"parents":[2147483647,0,0,2,2,4,4,5,5,6,6,7,7,9,9,13,13],"right_children":[2,-1,4,-1,6,8,10,12,-1,14,-1,-1,-1,16,-1,-1,-1],"split_conditions":[4.379533E2,6.564505E1,4.5422437E2,7.5115976E0,9.389013E0,2.9568188E3,5.766617E1,2.616498E0,2.6392087E-1,3.3843652E3,2.2863874E0,1.1073146E0,1.6769267E0,1.6833912E3,4.5481607E-1,9.822748E-2,1.48707405E-2],"split_indices":[3,0,3,0,0,4,0,0,0,4,0,0,0,4,0,0,0],"sum_hessian":[1.91E2,8E0,1.83E2,6.1E1,1.22E2,7.3E1,4.9E1,6.6E1,7E0,4.8E1,1E0,5.3E1,1.3E1,4.5E1,3E0,1.5E1,3E1],"tree_param":{"num_deleted":"0","num_feature":"6","num_nodes":"17",