{"learner":{"attributes":{"best_iteration":"0","best_msg":"[0]\tvalidation_0-rmse:56.18295\tvalidation_0-logloss:-2175.68237\tvalidation_1-rmse:41.42286\tvalidation_1-logloss:-1711.59436","best_score":"-1711.59436","scikit_learn":"{\"n_estimators\": 100, \"objective\": \"reg:squarederror\", \"max_depth\": null, \"learning_rate\": null, \"verbosity\": null, \"booster\": null, \"tree_method\": null, \"gamma\": null, \"min_child_weight\": null, \"max_delta_step\": null, \"subsample\": null, \"colsample_bytree\": null, \"colsample_bylevel\": null, \"colsample_bynode\": null, \"reg_alpha\": null, \"reg_lambda\": null, \"scale_pos_weight\": null, \"base_score\": null, \"missing\": NaN, \"num_parallel_tree\": null, \"kwargs\": {}, \"random_state\": 42, \"n_jobs\": null, \"monotone_constraints\": null, \"interaction_constraints\": null, \"importance_type\": \"gain\", \"gpu_id\": null, \"validate_parameters\": null, \"n_features_in_\": 6, \"evals_result_\": {\"validation_0\": {\"rmse\": [56.182949, 42.96162, 34.567947, 29.527487, 26.673727, 25.136839, 24.337774, 23.931141, 23.72666, 23.624477], \"logloss\": [-2175.682373, -2175.682861, -2175.68335, -2175.683594, -2175.683594, -2175.683594, -2175.683838, -2175.683838, -2175.683838, -2175.683838]}, \"validation_1\": {\"rmse\": [41.422859, 28.114403, 18.826576, 12.43007, 8.175752, 5.608706, 4.428586, 4.213742, 4.434315, 4.753868], \"logloss\": [-1711.59436, -1711.59436, -1711.59436, -1711.59436, -1711.59436, -1711.59436, -1711.59436, -1711.59436, -1711.59436, -1711.59436]}}, \"best_score\": -1711.59436, \"best_iteration\": 0, \"best_ntree_limit\": 1, \"type\": \"XGBRegressor\"}"},"gradient_booster":{"model":{"gbtree_model_param":{"num_trees":"11","size_leaf_vector":"0"},"tree_info":[0,0,0,0,0,0,0,0,0,0,0],"trees":[{"base_weights":[5.8951557E1,5.5232053E0,8.9629654E1,7.8773046E0,2.0133529E0,4.1425E0,1.087E-1],"default_left":[true,true,false,false,true,false,false],"id":0,"leaf_child_counts":[0,0,0,0,0,0,0],"left_children":[1,3,-1,-1,5,-1,-1],"loss_changes":[1.6996931E5,3.0637927E2,0E0,0E0,6.8489586E1,0E0,0E0],"parents":[2147483647,0,0,1,1,4,4],"right_children":[2,4,-1,-1,6,-1,-1],"split_conditions":[4.7353952E2,4.2717755E2,2.6888897E1,2.3631914E0,3.8604693E0,1.24275E0,3.2610003E-2],"split_indices":[3,3,0,0,0,0,0],"sum_hessian":[1.03E2,3.8E1,6.5E1,2.2E1,1.6E1,7E0,9E0],"tree_param":{"num_deleted":"0","num_feature":"6","num_nodes":"7","size_leaf_vector":"0"}},{"base_weights":[4.155962E1,3.9595397E0,6.314816E1,2.1412466E0,6.439508E0,3.3730938E0,7.9351E-2],"default_left":[true,true,false,true,false,false,false],"id":1,"leaf_child_counts":[0,0,0,0,0,0,0],"left_children":[1,3,-1,5,-1,-1,-1],"loss_changes":[8.416997E4,1.6207446E2,0E0,6.0690926E1,0E0,0E0,0E0],"parents":[2147483647,0,0,1,1,3,3],"right_children":[2,4,-1,6,-1,-1,-1],"split_conditions":[4.7353952E2,2.1830618E1,1.8944448E1,3.8604693E0,1.9318525E0,1.0119282E0,2.3805302E-2],"split_indices":[3,0,0,0,0,0,0],"sum_hessian":[1.03E2,3.8E1,6.5E1,2.3E1,1.5E1,1.4E1,9E0],"tree_param":{"num_deleted":"0","num_feature":"6","num_nodes":"7","size_leaf_vector":"0"}},{"base_weights":[2.930243E1,2.8477697E0,4.4490753E1,1.5420282E0,4.6283965E0,2.4286277E0,5.792621E-2],"default_left":[true,true,false,true,false,false,false],"id":2,"leaf_child_counts":[0,0,0,0,0,0,0],"left_children":[1,3,-1,5,-1,-1,-1],"loss_changes":[4.1660703E4,8.353937E1,0E0,3.143861E1,0E0,0E0,0E0],"parents":[2147483647,0,0,1,1,3,3],"right_children":[2,4,-1,6,-1,-1,-1],"split_conditions":[4.7353952E2,2.1830618E1,1.3347226E1,3.8604693E0,1.388519E0,7.2858834E-1,1.7377865E-2],"split_indices":[3,0,0,0,0,0,0],"sum_hessian":[1.03E2,3.8E1,6.5E1,2.3E1,1.5E1,1.4E1,9E0],"tree_param":{"num_deleted":"0","num_feature":"6","num_nodes":"7","size_leaf_vector":"0"}},{"base_weights":[2.0660564E1,2.048169E0,3.1345758E1,1.1105015E0,3.3266597E0,1.7486117E0,4.2286143E-2],"default_left":[true,true,false,true,false,false,false],"id":3,"leaf_child_counts":[0,0,0,0,0,0,0],"left_children":[1,3,-1,5,-1,-1,-1],"loss_changes":[2.0619012E4,4.30589E1,0E0,1.6285395E1,0E0,0E0,0E0],"parents":[2147483647,0,0,1,1,3,3],"right_children":[2,4,-1,6,-1,-1,-1],"split_conditions":[4.7353952E2,2.1830618E1,9.403728E0,3.8604693E0,9.9799794E-1,5.245835E-1,1.2685844E-2],"split_indices":[3,0,0,0,0,0,0],"sum_hessian":[1.03E2,3.8E1,6.5E1,2.3E1,1.5E1,1.4E1,9E0],"tree_param":{"num_deleted":"0","num_feature":"6","num_nodes":"7","size_leaf_vector":"0"}},{"base_weights":[1.4567576E1,1.4730842E0,2.208451E1,2.111154E0,5.2316105E-1,1.2874949E0,2.3910367E0,1.0731311E0,3.0868892E-2],"default_left":[true,true,false,true,true,false,false,false,false],"id":4,"leaf_child_counts":[0,0,0,0,0,0,0,0,0],"left_children":[1,3,-1,5,7,-1,-1,-1,-1],"loss_changes":[1.0204232E4,2.2534103E1,0E0,2.2237015E0,4.5695558E0,0E0,0E0,0E0,0E0],"parents":[2147483647,0,0,1,1,3,3,4,4],"right_children":[2,4,-1,6,8,-1,-1,-1,-1],"split_conditions":[4.7353952E2,4.2717755E2,6.6253533E0,2.0814713E1,3.8604693E0,3.862485E-1,7.17311E-1,3.2193935E-1,9.2606675E-3],"split_indices":[3,3,0,0,0,0,0,0,0],"sum_hessian":[1.03E2,3.8E1,6.5E1,2.2E1,1.6E1,7E0,1.5E1,7E0,9E0],"tree_param":{"num_deleted":"0","num_feature":"6","num_nodes":"9","size_leaf_vector":"0"}},{"base_weights":[1.0274806E1,1.0679476E0,1.5559544E1,1.5257888E0,3.8569504E-1,9.495272E-1,1.7185577E0,7.914341E-1,2.2534302E-2],"default_left":[true,true,false,true,true,false,false,false,false],"id":5,"leaf_child_counts":[0,0,0,0,0,0,0,0,0],"left_children":[1,3,-1,5,7,-1,-1,-1,-1],"loss_changes":[5.043589E3,1.15936775E1,0E0,9.231453E-1,2.4870899E0,0E0,0E0,0E0,0E0],"parents":[2147483647,0,0,1,1,3,3,4,4],"right_children":[2,4,-1,6,8,-1,-1,-1,-1],"split_conditions":[4.7353952E2,4.2717755E2,4.6678634E0,2.0814713E1,3.8604693E0,2.8485817E-1,5.1556736E-1,2.3743024E-1,6.760291E-3],"split_indices":[3,3,0,0,0,0,0,0,0],"sum_hessian":[1.03E2,3.8E1,6.5E1,2.2E1,1.6E1,7E0,1.5E1,7E0,9E0],"tree_param":{"num_deleted":"0","num_feature":"6","num_nodes":"9","size_leaf_vector":"0"}},{"base_weights":[7.2472925E0,7.743484E-1,1.0962407E1,1.1028533E0,2.8435072E-1,7.002763E-1,1.2352134E0,5.836828E-1,1.6450033E-2],"default_left":[true,true,false,true,true,false,false,false,false],"id":6,"leaf_child_counts":[0,0,0,0,0,0,0,0,0],"left_children":[1,3,-1,5,7,-1,-1,-1,-1],"loss_changes":[2.4924746E3,5.9641E0,0E0,3.60569E-1,1.3536499E0,0E0,0E0,0E0,0E0],"parents":[2147483647,0,0,1,1,3,3,4,4],"right_children":[2,4,-1,6,8,-1,-1,-1,-1],"split_conditions":[4.7353952E2,4.2717755E2,3.2887223E0,2.0814713E1,3.8604693E0,2.100829E-1,3.7056404E-1,1.7510484E-1,4.93501E-3],"split_indices":[3,3,0,0,0,0,0,0,0],"sum_hessian":[1.03E2,3.8E1,6.5E1,2.2E1,1.6E1,7E0,1.5E1,7E0,9E0],"tree_param":{"num_deleted":"0","num_feature":"6","num_nodes":"9","size_leaf_vector":"0"}},{"base_weights":[5.1120434E0,5.6154853E-1,7.7235165E0,7.9724246E-1,2.0963618E-1,5.164537E-1,8.878092E-1,4.3046623E-1,1.2008509E-2],"default_left":[true,true,false,true,true,false,false,false,false],"id":7,"leaf_child_counts":[0,0,0,0,0,0,0,0,0],"left_children":[1,3,-1,5,7,-1,-1,-1,-1],"loss_changes":[1.2315464E3,3.0676699E0,0E0,1.2638092E-1,7.36747E-1,0E0,0E0,0E0,0E0],"parents":[2147483647,0,0,1,1,3,3,4,4],"right_children":[2,4,-1,6,8,-1,-1,-1,-1],"split_conditions":[4.7353952E2,4.2717755E2,2.317055E0,2.0814713E1,3.8604693E0,1.549361E-1,2.663428E-1,1.2913987E-1,3.6025527E-3],"split_indices":[3,3,0,0,0,0,0,0,0],"sum_hessian":[1.03E2,3.8E1,6.5E1,2.2E1,1.6E1,7E0,1.5E1,7E0,9E0],"tree_param":{"num_deleted":"0","num_feature":"6","num_nodes":"9","size_leaf_vector":"0"}},{"base_weights":[3.606037E0,4.0728945E-1,5.441569E0,5.763859E-1,1.5455368E-1,3.8088435E-1,6.3811255E-1,3.1746882E-1,8.766201E-3],"default_left":[true,true,false,true,true,false,false,false,false],"id":8,"leaf_child_counts":[0,0,0,0,0,0,0,0,0],"left_children":[1,3,-1,5,7,-1,-1,-1,-1],"loss_changes":[6.0840967E2,1.5776496E0,0E0,3.4508705E-2,4.0098384E-1,0E0,0E0,0E0,0E0],"parents":[2147483647,0,0,1,1,3,3,4,4],"right_children":[2,4,-1,6,8,-1,-1,-1,-1],