{"learner":{"attributes":{"best_iteration":"2","best_msg":"[2]\tvalidation_0-rmse:17.30254\tvalidation_0-logloss:-1045.61877\tvalidation_1-rmse:6.92819\tvalidation_1-logloss:-783.45789","best_score":"-783.457886","scikit_learn":"{\"n_estimators\": 100, \"objective\": \"reg:squarederror\", \"max_depth\": null, \"learning_rate\": null, \"verbosity\": null, \"booster\": null, \"tree_method\": null, \"gamma\": null, \"min_child_weight\": null, \"max_delta_step\": null, \"subsample\": null, \"colsample_bytree\": null, \"colsample_bylevel\": null, \"colsample_bynode\": null, \"reg_alpha\": null, \"reg_lambda\": null, \"scale_pos_weight\": null, \"base_score\": null, \"missing\": NaN, \"num_parallel_tree\": null, \"kwargs\": {}, \"random_state\": 42, \"n_jobs\": null, \"monotone_constraints\": null, \"interaction_constraints\": null, \"importance_type\": \"gain\", \"gpu_id\": null, \"validate_parameters\": null, \"n_features_in_\": 6, \"evals_result_\": {\"validation_0\": {\"rmse\": [32.371761, 23.525579, 17.302544, 12.9923, 10.083998, 8.19481, 7.029009, 6.346679, 5.965617, 5.759457, 5.650495, 5.593616], \"logloss\": [-1042.132446, -1042.464844, -1045.618774, -1045.620117, -1045.62085, -1045.621216, -1045.62146, -1045.621582, -1045.621582, -1045.621582, -1045.621582, -1045.621582]}, \"validation_1\": {\"rmse\": [17.545616, 11.261674, 6.92819, 4.124631, 2.769949, 2.657207, 3.141507, 3.674922, 4.085429, 4.423574, 4.671928, 4.851683], \"logloss\": [-783.118469, -783.176086, -783.457886, -783.457886, -783.457886, -783.457886, -783.457886, -783.457886, -783.457886, -783.457886, -783.457886, -783.457886]}}, \"best_score\": -783.457886, \"best_iteration\": 2, \"best_ntree_limit\": 3, \"type\": \"XGBRegressor\"}"},"gradient_booster":{"model":{"gbtree_model_param":{"num_trees":"13","size_leaf_vector":"0"},"tree_info":[0,0,0,0,0,0,0,0,0,0,0,0,0],"trees":[{"base_weights":[2.8659166E1,1.224E2,2.0365688E1,3.7100906E1,7.1795406E0,4.6797676E1,2.3746147E1,5.8172727E-1,1.5263637E1,-2.9117647E-1,9.473077E-1],"default_left":[true,false,true,true,true,false,false,true,false,false,false],"id":0,"leaf_child_counts":[0,0,0,0,0,0,0,0,0,0,0],"left_children":[1,-1,3,5,7,-1,-1,9,-1,-1,-1],"loss_changes":[1.4288806E5,0E0,3.791008E4,8.730578E3,5.218182E3,0E0,0E0,1.7827242E1,0E0,0E0,0E0],"parents":[2147483647,0,0,2,2,3,3,4,4,7,7],"right_children":[2,-1,4,6,8,-1,-1,10,-1,-1,-1],"split_conditions":[4.4655798E2,3.672E1,9.350534E0,5.0509927E2,1.719135E1,1.4039304E1,7.1238446E0,1.371352E1,4.579091E0,-8.735295E-2,2.8419232E-1],"split_indices":[3,0,0,3,0,0,0,0,0,0,0],"sum_hessian":[1.86E2,1.4E1,1.72E2,7.5E1,9.7E1,4.2E1,3.3E1,5.4E1,4.3E1,1.6E1,3.8E1],"tree_param":{"num_deleted":"0","num_feature":"6","num_nodes":"11","size_leaf_vector":"0"}},{"base_weights":[2.039649E1,8.8128E1,1.4405918E1,2.6249098E1,5.0744123E0,3.56713E1,1.8965551E1,4.1078797E-1,1.0788615E1,1.6831827E1,2.343064E1,-2.0896195E-1,6.7040235E-1],"default_left":[true,false,true,true,true,false,true,true,false,false,false,false,false],"id":1,"leaf_child_counts":[0,0,0,0,0,0,0,0,0,0,0,0,0],"left_children":[1,-1,3,5,7,-1,9,11,-1,-1,-1,-1,-1],"loss_changes":[7.460579E4,0E0,1.8985844E4,4.539133E3,2.6071602E3,0E0,3.4345703E1,8.9893675E0,0E0,0E0,0E0,0E0,0E0],"parents":[2147483647,0,0,2,2,3,3,4,4,6,6,7,7],"right_children":[2,-1,4,6,8,-1,10,12,-1,-1,-1,-1,-1],"split_conditions":[4.4655798E2,2.64384E1,9.350534E0,4.0638614E0,1.719135E1,1.070139E1,5.6922336E0,1.371352E1,3.2365847E0,5.049548E0,7.029192E0,-6.268859E-2,2.0112072E-1],"split_indices":[3,0,0,0,0,0,0,0,0,0,0,0,0],"sum_hessian":[1.86E2,1.4E1,1.72E2,7.5E1,9.7E1,3.1E1,4.4E1,5.4E1,4.3E1,3.3E1,1.1E1,1.6E1,3.8E1],"tree_param":{"num_deleted":"0","num_feature":"6","num_nodes":"13","size_leaf_vector":"0"}},{"base_weights":[1.4558792E1,6.345216E1,1.0235328E1,1.8674107E1,3.5865276E0,2.5304327E1,1.3544301E1,2.900685E-1,7.6255894E0,1.1930795E1,1.6987211E1,-1.4996092E-1,4.7443855E-1],"default_left":[true,false,true,true,true,false,true,true,false,false,false,false,false],"id":2,"leaf_child_counts":[0,0,0,0,0,0,0,0,0,0,0,0,0],"left_children":[1,-1,3,5,7,-1,9,11,-1,-1,-1,-1,-1],"loss_changes":[3.8880234E4,0E0,9.639664E3,2.242162E3,1.3026193E3,0E0,4.7311523E1,4.5332007E0,0E0,0E0,0E0,0E0,0E0],"parents":[2147483647,0,0,2,2,3,3,4,4,6,6,7,7],"right_children":[2,-1,4,6,8,-1,10,12,-1,-1,-1,-1,-1],"split_conditions":[4.4655798E2,1.9035648E1,9.350534E0,4.0638614E0,1.719135E1,7.5912986E0,5.6922336E0,1.371352E1,2.2876768E0,3.5792387E0,5.0961637E0,-4.498828E-2,1.4233157E-1],"split_indices":[3,0,0,0,0,0,0,0,0,0,0,0,0],"sum_hessian":[1.86E2,1.4E1,1.72E2,7.5E1,9.7E1,3.1E1,4.4E1,5.4E1,4.3E1,3.3E1,1.1E1,1.6E1,3.8E1],"tree_param":{"num_deleted":"0","num_feature":"6","num_nodes":"13","size_leaf_vector":"0"}},{"base_weights":[1.0392692E1,4.568556E1,7.272543E0,1.3285909E1,2.5349064E0,1.6795277E1,8.456828E0,2.0481782E-1,5.3899055E0,1.7950256E1,1.2315727E1,-1.0761902E-1,3.3575648E-1],"default_left":[true,false,true,true,true,true,false,true,false,false,false,false,false],"id":3,"leaf_child_counts":[0,0,0,0,0,0,0,0,0,0,0,0,0],"left_children":[1,-1,3,5,7,9,-1,11,-1,-1,-1,-1,-1],"loss_changes":[2.0259998E4,0E0,4.8949434E3,1.1459385E3,6.508313E2,1.4023438E0,0E0,2.2861872E0,0E0,0E0,0E0,0E0,0E0],"parents":[2147483647,0,0,2,2,3,3,4,4,5,5,7,7],"right_children":[2,-1,4,6,8,10,-1,12,-1,-1,-1,-1,-1],"split_conditions":[4.4655798E2,1.3705668E1,9.350534E0,5.0509927E2,1.719135E1,4.701165E0,2.5370486E0,1.371352E1,1.6169717E0,5.385077E0,3.6947184E0,-3.2285705E-2,1.0072695E-1],"split_indices":[3,0,0,3,0,0,0,0,0,0,0,0,0],"sum_hessian":[1.86E2,1.4E1,1.72E2,7.5E1,9.7E1,4.2E1,3.3E1,5.4E1,4.3E1,3.1E1,1.1E1,1.6E1,3.8E1],"tree_param":{"num_deleted":"0","num_feature":"6","num_nodes":"13","size_leaf_vector":"0"}},{"base_weights":[7.419311E0,3.2893604E1,5.167671E0,9.452989E0,1.7916324E0,1.1967852E1,5.9943986E0,1.4461684E-1,3.8096828E0,-7.723248E-2,2.3761226E-1],"default_left":[true,false,true,true,true,false,false,true,false,false,false],"id":4,"leaf_child_counts":[0,0,0,0,0,0,0,0,0,0,0],"left_children":[1,-1,3,5,7,-1,-1,9,-1,-1,-1],"loss_changes":[1.0556137E4,0E0,2.4859238E3,5.892988E2,3.2517755E2,0E0,0E0,1.1530547E0,0E0,0E0,0E0],"parents":[2147483647,0,0,2,2,3,3,4,4,7,7],"right_children":[2,-1,4,6,8,-1,-1,10,-1,-1,-1],"split_conditions":[4.4655798E2,9.868082E0,9.350534E0,5.0509927E2,1.719135E1,3.5903556E0,1.7983197E0,1.371352E1,1.1429049E0,-2.3169745E-2,7.128368E-2],"split_indices":[3,0,0,3,0,0,0,0,0,0,0],"sum_hessian":[1.86E2,1.4E1,1.72E2,7.5E1,9.7E1,4.2E1,3.3E1,5.4E1,4.3E1,1.6E1,3.8E1],"tree_param":{"num_deleted":"0","num_feature":"6","num_nodes":"11","size_leaf_vector":"0"}},{"base_weights":[5.281474E0,2.3683393E1,3.655403E0,6.6879964E0,1.2662957E0,9.255305E0,4.7137322E0,1.02106564E-1,2.6927528E0,-5.542567E-2,1.6815634E-1],"default_left":[true,false,true,true,true,false,false,true,false,false,false],"id":5,"leaf_child_counts":[0,0,0,0,0,0,0,0,0,0,0],"left_children":[1,-1,3,5,7,-1,-1,9,-1,-1,-1],"loss_changes":[5.508997E3,0E0,1.2449492E3,3.4158252E2,1.6247032E2,0E0,0E0,5.8159345E-1,0E0,0E0,0E0],"parents":[2147483647,0,0,2,2,3,3,4,4,7,7],"right_children":[2,-1,4,6,8,-1,-1,10,-1,-1,-1],"split_conditions":[4.4655798E2,7.105018E0,9.350534E0,4.0638614E0,1.719135E1,2.7765918E0,1.4141197E0,1.371352E1,8.0782586E-1,-1.6627701E-2,5.0446905E-2],"split_indices":[3,0,0,0,0,0,0,0,0,0,0],"sum_hessian":[1.86E2,1.4E1,1.72E2,7.5E1,9.7E1,3.1E1,4.4E1,5.4E1,4.3E1,1.6E1,3.8E1],"tree_param":{"num_deleted":"0","num_feature":"6","num_nodes":"11","size_leaf_vector":"0"}},{"base_weights":[3.7619374E0,1.7052044E1,2.5878706E0,4.736738E0,8.9499515E-1,6.0975122E0,2.8764434E0,7.2089516E-2,1.9032863E0,6.5654817E0,4.341468E0,-3.977607E-2,1.1900299E-1],"default_left":[true,false,true,true,true,true,false,true,false,false,false,false,false],"id":6,"leaf_child_counts":[0,0,0,0,0,0,0,0,0,0,0,0,0],"left_children":[1,-1,3,5,7,9,-1,11,-1,-1,-1,-1,-1],"loss_changes":[2.8737205E3,0E0,6.250941E2,1.7485034E2,8.1176186E1,6.8325195E0,0E0,2.9337364E-1,0E0,0E0,0E0,0E0,0E0],