{"learner":{"attributes":{"best_iteration":"0","best_msg":"[0]\tvalidation_0-rmse:8.98319\tvalidation_0-logloss:-335.20190\tvalidation_1-rmse:7.64072\tvalidation_1-logloss:-333.41431","best_score":"-333.414307","scikit_learn":"{\"n_estimators\": 100, \"objective\": \"reg:squarederror\", \"max_depth\": null, \"learning_rate\": null, \"verbosity\": null, \"booster\": null, \"tree_method\": null, \"gamma\": null, \"min_child_weight\": null, \"max_delta_step\": null, \"subsample\": null, \"colsample_bytree\": null, \"colsample_bylevel\": null, \"colsample_bynode\": null, \"reg_alpha\": null, \"reg_lambda\": null, \"scale_pos_weight\": null, \"base_score\": null, \"missing\": NaN, \"num_parallel_tree\": null, \"kwargs\": {}, \"random_state\": 42, \"n_jobs\": null, \"monotone_constraints\": null, \"interaction_constraints\": null, \"importance_type\": \"gain\", \"gpu_id\": null, \"validate_parameters\": null, \"n_features_in_\": 6, \"evals_result_\": {\"validation_0\": {\"rmse\": [8.983192, 6.557821, 4.895474, 3.787856, 3.080425, 2.652206, 2.407042, 2.273123, 2.20235, 2.165701], \"logloss\": [-335.201904, -335.415009, -338.227753, -338.228088, -338.22821, -338.228333, -338.228363, -338.228394, -338.228394, -338.228394]}, \"validation_1\": {\"rmse\": [7.640717, 5.147404, 3.375418, 2.117727, 1.22897, 0.613401, 0.257532, 0.311882, 0.496505, 0.645804], \"logloss\": [-333.414307, -333.414307, -333.414307, -333.414307, -333.414307, -333.414307, -333.414307, -333.414307, -333.414307, -333.414307]}}, \"best_score\": -333.414307, \"best_iteration\": 0, \"best_ntree_limit\": 1, \"type\": \"XGBRegressor\"}"},"gradient_booster":{"model":{"gbtree_model_param":{"num_trees":"11","size_leaf_vector":"0"},"tree_info":[0,0,0,0,0,0,0,0,0,0,0],"trees":[{"base_weights":[9.447445E0,1.5754615E0,1.617931E1,3.4544444E0,5.4844445E-1,1.0466666E-1,8.93E-1],"default_left":[true,true,false,false,true,false,false],"id":0,"leaf_child_counts":[0,0,0,0,0,0,0],"left_children":[1,3,-1,-1,5,-1,-1],"loss_changes":[2.8361396E3,4.827887E1,0E0,0E0,2.658842E0,0E0,0E0],"parents":[2147483647,0,0,1,1,4,4],"right_children":[2,4,-1,-1,6,-1,-1],"split_conditions":[1.4013888E1,2.372329E0,4.853793E0,1.0363333E0,5.9929485E0,3.14E-2,2.6790002E-1],"split_indices":[0,0,0,0,0,0,0],"sum_hessian":[5.3E1,2.5E1,2.8E1,8E0,1.7E1,8E0,9E0],"tree_param":{"num_deleted":"0","num_feature":"6","num_nodes":"7","size_leaf_vector":"0"}},{"base_weights":[6.72783E0,1.1541936E0,1.1492889E1,2.5332594E0,4.005389E-1,7.675552E-2,6.5189004E-1],"default_left":[true,true,false,false,true,false,false],"id":1,"leaf_child_counts":[0,0,0,0,0,0,0],"left_children":[1,3,-1,-1,5,-1,-1],"loss_changes":[1.420905E3,2.6008152E1,0E0,0E0,1.4148638E0,0E0,0E0],"parents":[2147483647,0,0,1,1,4,4],"right_children":[2,4,-1,-1,6,-1,-1],"split_conditions":[1.4013888E1,2.372329E0,3.447867E0,7.599779E-1,5.9929485E0,2.3026658E-2,1.9556703E-1],"split_indices":[0,0,0,0,0,0,0],"sum_hessian":[5.3E1,2.5E1,2.8E1,8E0,1.7E1,8E0,9E0],"tree_param":{"num_deleted":"0","num_feature":"6","num_nodes":"7","size_leaf_vector":"0"}},{"base_weights":[4.791452E0,8.455729E-1,8.163914E0,1.8577235E0,2.925213E-1,5.6287397E-2,4.758797E-1],"default_left":[true,true,false,false,true,false,false],"id":2,"leaf_child_counts":[0,0,0,0,0,0,0],"left_children":[1,3,-1,-1,5,-1,-1],"loss_changes":[7.116925E2,1.4010633E1,0E0,0E0,7.5289226E-1,0E0,0E0],"parents":[2147483647,0,0,1,1,4,4],"right_children":[2,4,-1,-1,6,-1,-1],"split_conditions":[1.4013888E1,2.372329E0,2.4491742E0,5.573171E-1,5.9929485E0,1.688622E-2,1.4276391E-1],"split_indices":[0,0,0,0,0,0,0],"sum_hessian":[5.3E1,2.5E1,2.8E1,8E0,1.7E1,8E0,9E0],"tree_param":{"num_deleted":"0","num_feature":"6","num_nodes":"7","size_leaf_vector":"0"}},{"base_weights":[3.4126487E0,6.194767E-1,5.7991943E0,1.3623306E0,2.1363433E-1,4.1277412E-2,3.4739214E-1],"default_left":[true,true,false,false,true,false,false],"id":3,"leaf_child_counts":[0,0,0,0,0,0,0],"left_children":[1,3,-1,-1,5,-1,-1],"loss_changes":[3.563733E2,7.5474806E0,0E0,0E0,4.0063405E-1,0E0,0E0],"parents":[2147483647,0,0,1,1,4,4],"right_children":[2,4,-1,-1,6,-1,-1],"split_conditions":[1.4013888E1,2.372329E0,1.7397584E0,4.0869918E-1,5.9929485E0,1.2383224E-2,1.0421765E-1],"split_indices":[0,0,0,0,0,0,0],"sum_hessian":[5.3E1,2.5E1,2.8E1,8E0,1.7E1,8E0,9E0],"tree_param":{"num_deleted":"0","num_feature":"6","num_nodes":"7","size_leaf_vector":"0"}},{"base_weights":[2.4307995E0,4.5383748E-1,4.1194277E0,9.9904233E-1,1.5602185E-1,3.0270103E-2,2.5359625E-1],"default_left":[true,true,false,false,true,false,false],"id":4,"leaf_child_counts":[0,0,0,0,0,0,0],"left_children":[1,3,-1,-1,5,-1,-1],"loss_changes":[1.7840155E2,4.0657606E0,0E0,0E0,2.1318638E-1,0E0,0E0],"parents":[2147483647,0,0,1,1,4,4],"right_children":[2,4,-1,-1,6,-1,-1],"split_conditions":[1.4013888E1,2.372329E0,1.2358284E0,2.9971272E-1,5.9929485E0,9.081031E-3,7.607888E-2],"split_indices":[0,0,0,0,0,0,0],"sum_hessian":[5.3E1,2.5E1,2.8E1,8E0,1.7E1,8E0,9E0],"tree_param":{"num_deleted":"0","num_feature":"6","num_nodes":"7","size_leaf_vector":"0"}},{"base_weights":[1.7315725E0,3.3248904E-1,2.9262137E0,7.326311E-1,1.1394641E-1,2.2198098E-2,1.8512525E-1],"default_left":[true,true,false,false,true,false,false],"id":5,"leaf_child_counts":[0,0,0,0,0,0,0],"left_children":[1,3,-1,-1,5,-1,-1],"loss_changes":[8.928281E1,2.1901696E0,0E0,0E0,1.1344026E-1,0E0,0E0],"parents":[2147483647,0,0,1,1,4,4],"right_children":[2,4,-1,-1,6,-1,-1],"split_conditions":[1.4013888E1,2.372329E0,8.778642E-1,2.1978934E-1,5.9929485E0,6.6594295E-3,5.5537578E-2],"split_indices":[0,0,0,0,0,0,0],"sum_hessian":[5.3E1,2.5E1,2.8E1,8E0,1.7E1,8E0,9E0],"tree_param":{"num_deleted":"0","num_feature":"6","num_nodes":"7","size_leaf_vector":"0"}},{"base_weights":[1.2335796E0,2.4358796E-1,2.0786211E0,5.3726286E-1,8.321786E-2,1.6278587E-2,1.3514142E-1],"default_left":[true,true,false,false,true,false,false],"id":6,"leaf_child_counts":[0,0,0,0,0,0,0],"left_children":[1,3,-1,-1,5,-1,-1],"loss_changes":[4.4669205E1,1.1798036E0,0E0,0E0,6.0363136E-2,0E0,0E0],"parents":[2147483647,0,0,1,1,4,4],"right_children":[2,4,-1,-1,6,-1,-1],"split_conditions":[1.4013888E1,2.372329E0,6.2358636E-1,1.6117886E-1,5.9929485E0,4.883576E-3,4.0542427E-2],"split_indices":[0,0,0,0,0,0,0],"sum_hessian":[5.3E1,2.5E1,2.8E1,8E0,1.7E1,8E0,9E0],"tree_param":{"num_deleted":"0","num_feature":"6","num_nodes":"7","size_leaf_vector":"0"}},{"base_weights":[8.788795E-1,1.784579E-1,1.4765375E0,3.9399278E-1,6.0776137E-2,1.1937622E-2,9.865318E-2],"default_left":[true,true,false,false,true,false,false],"id":7,"leaf_child_counts":[0,0,0,0,0,0,0],"left_children":[1,3,-1,-1,5,-1,-1],"loss_changes":[2.2341576E1,6.355322E-1,0E0,0E0,3.2119773E-2,0E0,0E0],"parents":[2147483647,0,0,1,1,4,4],"right_children":[2,4,-1,-1,6,-1,-1],"split_conditions":[1.4013888E1,2.372329E0,4.4296125E-1,1.18197836E-1,5.9929485E0,3.5812866E-3,2.9595956E-2],"split_indices":[0,0,0,0,0,0,0],"sum_hessian":[5.3E1,2.5E1,2.8E1,8E0,1.7E1,8E0,9E0],"tree_param":{"num_deleted":"0","num_feature":"6","num_nodes":"7","size_leaf_vector":"0"}},{"base_weights":[6.2622166E-1,1.3074268E-1,1.0488503E0,2.8892815E-1,4.438647E-2,8.754257E-3,7.201681E-2],"default_left":[true,true,false,false,true,false,false],"id":8,"leaf_child_counts":[0,0,0,0,0,0,0],"left_children":[1,3,-1,-1,5,-1,-1],"loss_changes":[1.1170666E1,3.423433E-1,0E0,0E0,1.7091092E-2,0E0,0E0],"parents":[2147483647,0,0,1,1,4,4],"right_children":[2,4,-1,-1,6,-1,-1],"split_conditions":[1.4013888E1,2.372329E0,3.146551E-1,8.6678445E-2,5.9929485E0,2.6262773E-3,2.1605045E-2],"split_indices":[0,0,0,0,0,0,0],"sum_hessian":[5.3E1,2.5E1,2.8E1,8E0,1.7E1,8E0,9E0],"tree_param":{"num_deleted":"0","num_feature":"6","num_nodes":"7","size_leaf_vector":"0"}},{"base_weights":[4.4623587E-1,9.5785625E-2,7.450452E-1,2.1188061E-1,3.2416716E-2,6.419768E-3,5.25723E-2],"default_left":[true,true,false,false,true,false,false],"id":9,"leaf_child_counts":[0,0,0,0,0,0,0],"left_children":[1,3,-1,-1,5,-1,-1],