{"learner":{"attributes":{"best_iteration":"1","best_msg":"[1]\tvalidation_0-rmse:14.28122\tvalidation_0-logloss:-199.87976\tvalidation_1-rmse:10.64334\tvalidation_1-logloss:-204.55144","best_score":"-204.551437","scikit_learn":"{\"n_estimators\": 100, \"objective\": \"reg:squarederror\", \"max_depth\": null, \"learning_rate\": null, \"verbosity\": null, \"booster\": null, \"tree_method\": null, \"gamma\": null, \"min_child_weight\": null, \"max_delta_step\": null, \"subsample\": null, \"colsample_bytree\": null, \"colsample_bylevel\": null, \"colsample_bynode\": null, \"reg_alpha\": null, \"reg_lambda\": null, \"scale_pos_weight\": null, \"base_score\": null, \"missing\": NaN, \"num_parallel_tree\": null, \"kwargs\": {}, \"random_state\": 42, \"n_jobs\": null, \"monotone_constraints\": null, \"interaction_constraints\": null, \"importance_type\": \"gain\", \"gpu_id\": null, \"validate_parameters\": null, \"n_features_in_\": 6, \"evals_result_\": {\"validation_0\": {\"rmse\": [14.757023, 14.281225, 14.036099, 13.911827, 13.84907, 13.817372, 13.801311, 13.793121, 13.788906, 13.786711, 13.785544], \"logloss\": [-197.621292, -199.879761, -199.891479, -200.143143, -200.143204, -200.14325, -200.143311, -200.143311, -200.143341, -200.143341, -200.143341]}, \"validation_1\": {\"rmse\": [10.846898, 10.64334, 10.614073, 10.657565, 10.71988, 10.77937, 10.828966, 10.867717, 10.896917, 10.918447, 10.934099], \"logloss\": [-202.368225, -204.551437, -204.551437, -204.551437, -204.551437, -204.551437, -204.551437, -204.551437, -204.551437, -204.551437, -204.551437]}}, \"best_score\": -204.551437, \"best_iteration\": 1, \"best_ntree_limit\": 2, \"type\": \"XGBRegressor\"}"},"gradient_booster":{"model":{"gbtree_model_param":{"num_trees":"12","size_leaf_vector":"0"},"tree_info":[0,0,0,0,0,0,0,0,0,0,0,0],"trees":[{"base_weights":[5.9012656E0,2.036447E0,1.0658387E1,2.3812323E0,9.726176E-1,1.1710431E1,8.776452E0,2.2851224E0,5.9E0,1.051923E0,6.3544446E-1,2.3381145E0,-1.7233334E-1],"default_left":[true,true,true,true,true,false,false,true,false,false,false,false,false],"id":0,"leaf_child_counts":[0,0,0,0,0,0,0,0,0,0,0,0,0],"left_children":[1,3,5,7,9,-1,-1,11,-1,-1,-1,-1,-1],"loss_changes":[4.3356367E3,4.6100586E1,1.0709082E2,1.9998474E1,2.407074E-1,0E0,0E0,1.316507E1,0E0,0E0,0E0,0E0,0E0],"parents":[2147483647,0,0,1,1,2,2,3,3,4,4,7,7],"right_children":[2,4,6,8,10,-1,-1,12,-1,-1,-1,-1,-1],"split_conditions":[4.9848184E2,8.697235E2,5.719385E0,3.3445618E1,5.9784036E0,3.5131295E0,2.6329358E0,1.6902458E1,1.7700001E0,3.155769E-1,1.9063334E-1,7.014344E-1,-5.1700007E-2],"split_indices":[3,4,0,0,0,0,0,0,0,0,0,0,0],"sum_hessian":[2.36E2,1.31E2,1.05E2,9.8E1,3.3E1,6.4E1,4.1E1,9.7E1,1E0,2.5E1,8E0,9.5E1,2E0],"tree_param":{"num_deleted":"0","num_feature":"6","num_nodes":"13","size_leaf_vector":"0"}},{"base_weights":[4.1691647E0,1.4476792E0,7.5188527E0,1.3821652E0,5.0150003E0,8.251349E0,6.206206E0,1.6062157E0,6.957209E-1,1.6439868E0,-1.3786668E-1,7.484837E-1,4.6599257E-1],"default_left":[true,true,true,true,false,false,false,true,true,false,false,false,false],"id":1,"leaf_child_counts":[0,0,0,0,0,0,0,0,0,0,0,0,0],"left_children":[1,3,5,7,-1,-1,-1,9,11,-1,-1,-1,-1],"loss_changes":[2.1496372E3,2.391806E1,5.071045E1,1.9030075E1,0E0,0E0,0E0,6.68248E0,6.33297E-2,0E0,0E0,0E0,0E0],"parents":[2147483647,0,0,1,1,2,2,3,3,7,7,8,8],"right_children":[2,4,6,8,-1,-1,-1,10,12,-1,-1,-1,-1],"split_conditions":[4.9848184E2,3.3445618E1,5.719385E0,8.697235E2,1.5045002E0,2.475405E0,1.8618618E0,1.6902458E1,5.9784036E0,4.9319607E-1,-4.1360006E-2,2.2454512E-1,1.3979778E-1],"split_indices":[3,0,0,4,0,0,0,0,0,0,0,0,0],"sum_hessian":[2.36E2,1.31E2,1.05E2,1.3E2,1E0,6.4E1,4.1E1,9.7E1,3.3E1,9.5E1,2E0,2.5E1,8E0],"tree_param":{"num_deleted":"0","num_feature":"6","num_nodes":"13","size_leaf_vector":"0"}},{"base_weights":[2.946508E0,1.0309563E0,5.3041143E0,9.7374606E-1,4.26275E0,5.8140283E0,4.388674E0,1.1289616E0,4.977206E-1,1.1559283E0,-1.1029332E-1,5.3257495E-1,3.417279E-1,9.737099E-1,1.2796221E0,1.3137411E0,-2.7976733E-1],"default_left":[true,true,true,true,false,false,false,true,true,true,false,false,false,true,false,false,false],"id":2,"leaf_child_counts":[0,0,0,0,0,0,0,0,0,0,0,0,0,0,0,0,0],"left_children":[1,3,5,7,-1,-1,-1,9,11,13,-1,-1,-1,15,-1,-1,-1],"loss_changes":[1.0648516E3,2.0254868E1,2.3964355E1,9.117233E0,0E0,0E0,0E0,3.4025269E0,2.863884E-3,9.1778564E-1,0E0,0E0,0E0,1.869506E1,0E0,0E0,0E0],"parents":[2147483647,0,0,1,1,2,2,3,3,7,7,8,8,9,9,13,13],"right_children":[2,4,6,8,-1,-1,-1,10,12,14,-1,-1,-1,16,-1,-1,-1],"split_conditions":[4.9848184E2,3.3445618E1,5.719385E0,8.697235E2,1.278825E0,1.7442086E0,1.3166022E0,1.6902458E1,5.9784036E0,8.695797E0,-3.3088E-2,1.5977249E-1,1.0251838E-1,6.136205E0,3.8388664E-1,3.9412233E-1,-8.39302E-2],"split_indices":[3,0,0,4,0,0,0,0,0,0,0,0,0,0,0,0,0],"sum_hessian":[2.36E2,1.31E2,1.05E2,1.3E2,1E0,6.4E1,4.1E1,9.7E1,3.3E1,9.5E1,2E0,2.5E1,8E0,4.2E1,5.3E1,3.3E1,9E0],"tree_param":{"num_deleted":"0","num_feature":"6","num_nodes":"17","size_leaf_vector":"0"}},{"base_weights":[2.0847619E0,7.3835206E-1,3.7417555E0,6.886702E-1,3.6233375E0,4.096654E0,3.103419E0,7.970179E-1,3.5611883E-1,8.163798E-1,-8.8234656E-2,6.8881065E-1,9.028444E-1,9.312106E-1,-2.0423011E-1],"default_left":[true,true,true,true,false,false,false,true,false,true,false,true,false,false,false],"id":3,"leaf_child_counts":[0,0,0,0,0,0,0,0,0,0,0,0,0,0,0],"left_children":[1,3,5,7,-1,-1,-1,9,-1,11,-1,13,-1,-1,-1],"loss_changes":[5.2598254E2,1.6424461E1,1.1300049E1,4.436249E0,0E0,0E0,0E0,1.7517662E0,0E0,4.3701172E-1,0E0,9.49852E0,0E0,0E0,0E0],"parents":[2147483647,0,0,1,1,2,2,3,3,7,7,9,9,11,11],"right_children":[2,4,6,8,-1,-1,-1,10,-1,12,-1,14,-1,-1,-1],"split_conditions":[4.9848184E2,3.3445618E1,5.719385E0,8.697235E2,1.0870013E0,1.2289963E0,9.3102574E-1,1.6902458E1,1.06835656E-1,8.695797E0,-2.6470399E-2,6.136205E0,2.7085334E-1,2.793632E-1,-6.1269037E-2],"split_indices":[3,0,0,4,0,0,0,0,0,0,0,0,0,0,0],"sum_hessian":[2.36E2,1.31E2,1.05E2,1.3E2,1E0,6.4E1,4.1E1,9.7E1,3.3E1,9.5E1,2E0,4.2E1,5.3E1,3.3E1,9E0],"tree_param":{"num_deleted":"0","num_feature":"6","num_nodes":"15","size_leaf_vector":"0"}},{"base_weights":[1.475436E0,5.293943E-1,2.6396065E0,4.8641506E-1,3.0798368E0,2.8865652E0,2.1945605E0,5.626317E-1,2.5242543E-1,5.7655907E-1,-7.058773E-2,2.76221E-1,1.5563542E-1,4.8723942E-1,6.37007E-1,6.60064E-1,-1.4908798E-1],"default_left":[true,true,true,true,false,false,false,true,true,true,false,false,false,true,false,false,false],"id":4,"leaf_child_counts":[0,0,0,0,0,0,0,0,0,0,0,0,0,0,0,0,0],"left_children":[1,3,5,7,-1,-1,-1,9,11,13,-1,-1,-1,15,-1,-1,-1],"loss_changes":[2.5962347E2,1.2971241E1,5.3154297E0,2.1942196E0,0E0,0E0,0E0,9.0496635E-1,3.5318136E-2,2.0794868E-1,0E0,0E0,0E0,4.8272467E0,0E0,0E0,0E0],"parents":[2147483647,0,0,1,1,2,2,3,3,7,7,8,8,9,9,13,13],"right_children":[2,4,6,8,-1,-1,-1,10,12,14,-1,-1,-1,16,-1,-1,-1],"split_conditions":[4.9848184E2,3.3445618E1,5.719385E0,8.697235E2,9.239511E-1,8.659696E-1,6.583682E-1,1.6902458E1,5.9784036E0,8.695797E0,-2.117632E-2,8.28663E-2,4.6690628E-2,6.136205E0,1.911021E-1,1.980192E-1,-4.4726394E-2],"split_indices":[3,0,0,4,0,0,0,0,0,0,0,0,0,0,0,0,0],"sum_hessian":[2.36E2,1.31E2,1.05E2,1.3E2,1E0,6.4E1,4.1E1,9.7E1,3.3E1,9.5E1,2E0,2.5E1,8E0,4.2E1,5.3E1,3.3E1,9E0],"tree_param":{"num_deleted":"0","num_feature":"6","num_nodes":"17","size_leaf_vector":"0"}},{"base_weights":[1.0450459E0,3.8100576E-1,1.8621048E0,3.4394687E-1,2.6178613E0,2.033918E0,1.5518676E0,3.9714038E-1,1.8050832E-1,4.0717882E-1,-5.647019E-2,1.9654188E-1,1.1413268E-1,3.4463248E-1,4.494439E-1,4.678688E-1,-1.08834244E-1],"default_left":[true,true,true,true,false,false,false,true,true,true,false,false,false,true,false,false,false],"id":5,"leaf_child_counts":[0,0,0,0,0,0,0,0,0,0,0,0,0,0,0,0,0],"left_children":[1,3,5,7,-1,-1,-1,9,11,13,-1,-1,-1,15,-1,-1,-1],"loss_changes":[1.2787723E2,1.0041788E1,2.4937134E0,1.0672092E0,0E0,0E0,0E0,4.6924114E-1,1.3752222E-2,9.888458E-2,0E0,0E0,0E0,2.4539137E0,0E0,0E0,0E0],