{"learner":{"attributes":{"best_iteration":"0","best_msg":"[0]\tvalidation_0-rmse:213.60776\tvalidation_0-logloss:-4946.27588\tvalidation_1-rmse:259.99353\tvalidation_1-logloss:-6511.19922","best_score":"-6511.199219","scikit_learn":"{\"n_estimators\": 100, \"objective\": \"reg:squarederror\", \"max_depth\": null, \"learning_rate\": null, \"verbosity\": null, \"booster\": null, \"tree_method\": null, \"gamma\": null, \"min_child_weight\": null, \"max_delta_step\": null, \"subsample\": null, \"colsample_bytree\": null, \"colsample_bylevel\": null, \"colsample_bynode\": null, \"reg_alpha\": null, \"reg_lambda\": null, \"scale_pos_weight\": null, \"base_score\": null, \"missing\": NaN, \"num_parallel_tree\": null, \"kwargs\": {}, \"random_state\": 42, \"n_jobs\": null, \"monotone_constraints\": null, \"interaction_constraints\": null, \"importance_type\": \"gain\", \"gpu_id\": null, \"validate_parameters\": null, \"n_features_in_\": 6, \"evals_result_\": {\"validation_0\": {\"rmse\": [213.607758, 153.901321, 111.934288, 82.807365, 63.03273, 50.068401, 41.968357, 37.179386, 34.490463, 33.039524], \"logloss\": [-4946.275879, -4954.145996, -4956.455566, -4956.466309, -4956.48291, -4956.699219, -4956.699219, -4956.699219, -4956.699219, -4956.699219]}, \"validation_1\": {\"rmse\": [259.99353, 193.141174, 145.472626, 111.48304, 87.247124, 69.966049, 57.644062, 48.858097, 42.593426, 38.126537], \"logloss\": [-6511.199219, -6511.080566, -6504.696777, -6504.69873, -6504.699707, -6504.700684, -6504.70166, -6504.702148, -6504.702148, -6504.702637]}}, \"best_score\": -6511.199219, \"best_iteration\": 0, \"best_ntree_limit\": 1, \"type\": \"XGBRegressor\"}"},"gradient_booster":{"model":{"gbtree_model_param":{"num_trees":"11","size_leaf_vector":"0"},"tree_info":[0,0,0,0,0,0,0,0,0,0,0],"trees":[{"base_weights":[1.336306E2,6.5238374E-1,6.2504346E2,2.8628302E-1,1.2038823E0,-9.235484E-2,7.841739E-1,5.363333E-1,1.3004827E0,-2.4546666E-1,4.8176475E-2],"default_left":[true,true,false,true,true,true,false,false,false,false,false],"id":0,"leaf_child_counts":[0,0,0,0,0,0,0,0,0,0,0],"left_children":[1,3,-1,5,7,9,-1,-1,-1,-1,-1],"loss_changes":[7.057091E6,1.7019096E1,0E0,1.0064001E1,1.495018E0,6.788529E-1,0E0,0E0,0E0,0E0,0E0],"parents":[2147483647,0,0,1,1,3,3,4,4,5,5],"right_children":[2,4,-1,6,8,10,-1,-1,-1,-1,-1],"split_conditions":[5.3090088E1,8.577658E-5,1.8751305E2,3.7310402E1,9.463339E0,5.1313184E2,2.3525219E-1,1.609E-1,3.9014485E-1,-7.3640004E-2,1.4452943E-2],"split_indices":[0,1,0,0,0,3,0,0,0,0,0],"sum_hessian":[1.07E2,8.5E1,2.2E1,5.2E1,3.3E1,3E1,2.2E1,5E0,2.8E1,1.4E1,1.6E1],"tree_param":{"num_deleted":"0","num_feature":"6","num_nodes":"11","size_leaf_vector":"0"}},{"base_weights":[9.5284386E1,4.651234E-1,4.4568317E2,2.037201E-1,8.5892487E-1,-6.6557646E-2,5.591501E-1,4.0225002E-1,9.237912E-1,-1.7673601E-1,3.457371E-2],"default_left":[true,true,false,true,true,true,false,false,false,false,false],"id":1,"leaf_child_counts":[0,0,0,0,0,0,0,0,0,0,0],"left_children":[1,3,-1,5,7,9,-1,-1,-1,-1,-1],"loss_changes":[3.5880442E6,8.677946E0,0E0,5.1286516E0,6.35582E-1,3.515275E-1,0E0,0E0,0E0,0E0,0E0],"parents":[2147483647,0,0,1,1,3,3,4,4,5,5],"right_children":[2,4,-1,6,8,10,-1,-1,-1,-1,-1],"split_conditions":[5.3090088E1,8.577658E-5,1.3370496E2,3.7310402E1,9.463339E0,5.1313184E2,1.6774504E-1,1.2067501E-1,2.7713737E-1,-5.3020805E-2,1.0372113E-2],"split_indices":[0,1,0,0,0,3,0,0,0,0,0],"sum_hessian":[1.07E2,8.5E1,2.2E1,5.2E1,3.3E1,3E1,2.2E1,5E0,2.8E1,1.4E1,1.6E1],"tree_param":{"num_deleted":"0","num_feature":"6","num_nodes":"11","size_leaf_vector":"0"}},{"base_weights":[6.794192E1,3.3166668E-1,3.1779147E2,1.4496437E-1,6.1294776E-1,-4.796611E-2,3.986983E-1,3.0168748E-1,6.562103E-1,-1.2724993E-1,2.4811734E-2,-1.349285E-1,-5.1559467E-2],"default_left":[true,true,false,true,true,true,false,false,false,true,false,false,false],"id":2,"leaf_child_counts":[0,0,0,0,0,0,0,0,0,0,0,0,0],"left_children":[1,3,-1,5,7,9,-1,-1,-1,11,-1,-1,-1],"loss_changes":[1.8242728E6,4.4275055E0,0E0,2.6136334E0,2.5987053E-1,1.8203056E-1,0E0,0E0,0E0,1.7610639E-3,0E0,0E0,0E0],"parents":[2147483647,0,0,1,1,3,3,4,4,5,5,9,9],"right_children":[2,4,-1,6,8,10,-1,-1,-1,12,-1,-1,-1],"split_conditions":[5.3090088E1,8.577658E-5,9.533745E1,3.7310402E1,9.463339E0,5.1313184E2,1.196095E-1,9.050625E-2,1.968631E-1,4.8401587E2,7.4435202E-3,-4.047855E-2,-1.546784E-2],"split_indices":[0,1,0,0,0,3,0,0,0,3,0,0,0],"sum_hessian":[1.07E2,8.5E1,2.2E1,5.2E1,3.3E1,3E1,2.2E1,5E0,2.8E1,1.4E1,1.6E1,1.2E1,2E0],"tree_param":{"num_deleted":"0","num_feature":"6","num_nodes":"13","size_leaf_vector":"0"}},{"base_weights":[4.8445408E1,2.3633501E-1,2.265991E2,1.0281668E-1,4.3751547E-1,-3.5140898E-2,2.842892E-1,2.2626561E-1,4.6613562E-1,-9.28047E-2,1.7806042E-2,-9.841148E-2,-3.7573766E-2,-1.0505514E-1,-4.1247565E-2],"default_left":[true,true,false,true,true,true,false,false,false,true,false,true,false,false,false],"id":3,"leaf_child_counts":[0,0,0,0,0,0,0,0,0,0,0,0,0,0,0],"left_children":[1,3,-1,5,7,9,-1,-1,-1,11,-1,13,-1,-1,-1],"loss_changes":[9.275178E5,2.2650867E0,0E0,1.3368721E0,1.00093365E-1,9.629926E-2,0E0,0E0,0E0,9.473264E-4,0E0,6.0383976E-4,0E0,0E0,0E0],"parents":[2147483647,0,0,1,1,3,3,4,4,5,5,9,9,11,11],"right_children":[2,4,-1,6,8,10,-1,-1,-1,12,-1,14,-1,-1,-1],"split_conditions":[5.3090088E1,8.577658E-5,6.797974E1,3.7310402E1,9.463339E0,5.1313184E2,8.528677E-2,6.7879684E-2,1.3984069E-1,2.6864578E1,5.341813E-3,4.8401587E2,-1.12721305E-2,-3.1516545E-2,-1.237427E-2],"split_indices":[0,1,0,0,0,3,0,0,0,0,0,3,0,0,0],"sum_hessian":[1.07E2,8.5E1,2.2E1,5.2E1,3.3E1,3E1,2.2E1,5E0,2.8E1,1.4E1,1.6E1,1.2E1,2E0,1E1,2E0],"tree_param":{"num_deleted":"0","num_feature":"6","num_nodes":"15","size_leaf_vector":"0"}},{"base_weights":[3.454348E1,1.6826226E-1,1.6157501E2,7.264086E-2,3.1237024E-1,-2.6205765E-2,2.0271061E-1,1.696992E-1,3.31117E-1,-6.864081E-2,1.277844E-2],"default_left":[true,true,false,true,true,true,false,false,false,false,false],"id":4,"leaf_child_counts":[0,0,0,0,0,0,0,0,0,0,0],"left_children":[1,3,-1,5,7,9,-1,-1,-1,-1,-1],"loss_changes":[4.7158034E5,1.1623726E0,0E0,6.8673086E-1,3.4746647E-2,5.2160315E-2,0E0,0E0,0E0,0E0,0E0],"parents":[2147483647,0,0,1,1,3,3,4,4,5,5],"right_children":[2,4,-1,6,8,10,-1,-1,-1,-1,-1],"split_conditions":[5.3090088E1,8.577658E-5,4.8472507E1,3.7310402E1,9.463339E0,5.1313184E2,6.0813185E-2,5.0909765E-2,9.9335104E-2,-2.0592244E-2,3.833532E-3],"split_indices":[0,1,0,0,0,3,0,0,0,0,0],"sum_hessian":[1.07E2,8.5E1,2.2E1,5.2E1,3.3E1,3E1,2.2E1,5E0,2.8E1,1.4E1,1.6E1],"tree_param":{"num_deleted":"0","num_feature":"6","num_nodes":"11","size_leaf_vector":"0"}},{"base_weights":[2.4631048E1,1.2004287E-1,1.1520998E2,5.1679812E-2,2.2307815E-1,-1.8884638E-2,1.4454147E-1,1.2727441E-1,2.3520724E-1,-4.9421385E-2,9.170409E-3,-5.3256016E-2,-1.6330848E-2,-5.768351E-2,-1.9269884E-2],"default_left":[true,true,false,true,true,true,false,false,false,true,false,true,false,false,false],"id":5,"leaf_child_counts":[0,0,0,0,0,0,0,0,0,0,0,0,0,0,0],"left_children":[1,3,-1,5,7,9,-1,-1,-1,11,-1,13,-1,-1,-1],"loss_changes":[2.3976567E5,5.9423876E-1,0E0,3.5002443E-1,9.572506E-3,2.701122E-2,0E0,0E0,0E0,1.033634E-3,0E0,8.445978E-4,0E0,0E0,0E0],"parents":[2147483647,0,0,1,1,3,3,4,4,5,5,9,9,11,11],"right_children":[2,4,-1,6,8,10,-1,-1,-1,12,-1,14,-1,-1,-1],"split_conditions":[5.3090088E1,8.577658E-5,3.4562996E1,3.7310402E1,9.463339E0,5.1313184E2,4.3362442E-2,3.8182326E-2,7.056218E-2,2.6864578E1,2.751123E-3,4.8401587E2,-4.8992545E-3,-1.7305054E-2,-5.780965E-3],"split_indices":[0,1,0,0,0,3,0,0,0,0,0,3,0,0,0],"sum_hessian":[1.07E2,8.5E1,2.2E1,5.2E1,3.3E1,3E1,2.2E1,5E0,2.8E1,1.4E1,1.6E1,1.2E1,2E0,1E1,2E0],"tree_param":{"num_deleted":"0","num_feature":"6","num_nodes":"15","size_leaf_vector":"0"}},{"base_weights":[1.7562937E1,8.550528E-2,8.214973E1,3.65179E-2,1.5935309E-1,-1.4033248E-2,1.0306432E-1,9.5455766E-2,1.670783E-1,-3.6460657E-2,6.5811276E-3,-3.9055064E-2,-1.3064672E-2,-4.1951645E-2,-1.5415907E-2],