{"learner":{"attributes":{"best_iteration":"0","best_msg":"[0]\tvalidation_0-rmse:10.34793\tvalidation_0-logloss:-339.13275\tvalidation_1-rmse:8.07137\tvalidation_1-logloss:-294.75473","best_score":"-294.75473","scikit_learn":"{\"n_estimators\": 100, \"objective\": \"reg:squarederror\", \"max_depth\": null, \"learning_rate\": null, \"verbosity\": null, \"booster\": null, \"tree_method\": null, \"gamma\": null, \"min_child_weight\": null, \"max_delta_step\": null, \"subsample\": null, \"colsample_bytree\": null, \"colsample_bylevel\": null, \"colsample_bynode\": null, \"reg_alpha\": null, \"reg_lambda\": null, \"scale_pos_weight\": null, \"base_score\": null, \"missing\": NaN, \"num_parallel_tree\": null, \"kwargs\": {}, \"random_state\": 42, \"n_jobs\": null, \"monotone_constraints\": null, \"interaction_constraints\": null, \"importance_type\": \"gain\", \"gpu_id\": null, \"validate_parameters\": null, \"n_features_in_\": 6, \"evals_result_\": {\"validation_0\": {\"rmse\": [10.347935, 7.943879, 6.380392, 5.412899, 4.846063, 4.529841, 4.35973, 4.270322, 4.223948, 4.200073], \"logloss\": [-339.132751, -339.133575, -339.134369, -339.135284, -339.137024, -339.166382, -339.166382, -339.166382, -339.166382, -339.166382]}, \"validation_1\": {\"rmse\": [8.071367, 6.4393, 5.482483, 4.957679, 4.690542, 4.563859, 4.508407, 4.487111, 4.480068, 4.480658], \"logloss\": [-294.75473, -294.75473, -294.75473, -294.75473, -294.75473, -294.75473, -294.75473, -294.75473, -294.75473, -294.75473]}}, \"best_score\": -294.75473, \"best_iteration\": 0, \"best_ntree_limit\": 1, \"type\": \"XGBRegressor\"}"},"gradient_booster":{"model":{"gbtree_model_param":{"num_trees":"11","size_leaf_vector":"0"},"tree_info":[0,0,0,0,0,0,0,0,0,0,0],"trees":[{"base_weights":[9.682686E0,6.8529534E0,3.1116625E1,5.916322E0,1.1194875E1,4.4964287E1,2.4688515E1,4.4697633E0,7.6703825E0,5.916956E0,2.7461646E0,6.9777756E0,9.214103E0,5.9730334E0,4.35E-1,5.2489543E0,6.5238085E0],"default_left":[true,true,true,true,false,false,false,true,true,true,false,false,false,true,false,false,false],"id":0,"leaf_child_counts":[0,0,0,0,0,0,0,0,0,0,0,0,0,0,0,0,0],"left_children":[1,3,5,7,-1,-1,-1,9,11,13,-1,-1,-1,15,-1,-1,-1],"loss_changes":[2.4896816E4,1.4262754E3,3.162582E3,7.370703E2,0E0,0E0,0E0,4.0530127E2,8.111621E1,2.537622E1,0E0,0E0,0E0,1.6494141E0,0E0,0E0,0E0],"parents":[2147483647,0,0,1,1,2,2,3,3,7,7,8,8,9,9,13,13],"right_children":[2,4,6,8,-1,-1,-1,10,12,14,-1,-1,-1,16,-1,-1,-1],"split_conditions":[2.126225E1,5.4130945E-2,3.5093517E1,5.286761E2,3.3584626E0,1.3489286E1,7.4065547E0,4.58713E2,9.831869E0,6.200362E0,8.238494E-1,2.0933328E0,2.764231E0,1.2111707E0,1.305E-1,1.5746864E0,1.9571426E0],"split_indices":[0,1,0,3,0,0,0,3,0,0,0,0,0,0,0,0,0],"sum_hessian":[4.13E2,3.66E2,4.7E1,3.03E2,6.3E1,1.3E1,3.4E1,1.68E2,1.35E2,9E1,7.8E1,9.7E1,3.8E1,8.9E1,1E0,4.3E1,4.6E1],"tree_param":{"num_deleted":"0","num_feature":"6","num_nodes":"17","size_leaf_vector":"0"}},{"base_weights":[6.8590345E0,4.8316784E0,2.2216967E1,4.1721616E0,7.8888884E0,3.243852E1,1.7493576E1,3.1553795E0,5.404985E0,4.1821146E0,1.9327435E0,4.905803E0,6.5207496E0,4.2203655E0,3.6975E-1,3.7100563E0,4.6083074E0],"default_left":[true,true,true,true,false,false,false,true,true,true,false,false,false,true,false,false,false],"id":1,"leaf_child_counts":[0,0,0,0,0,0,0,0,0,0,0,0,0,0,0,0,0],"left_children":[1,3,5,7,-1,-1,-1,9,11,13,-1,-1,-1,15,-1,-1,-1],"loss_changes":[1.2782961E4,7.070615E2,1.7499922E3,3.6401318E2,0E0,0E0,0E0,2.0406665E2,4.37583E1,1.1709839E1,0E0,0E0,0E0,7.2021484E-1,0E0,0E0,0E0],"parents":[2147483647,0,0,1,1,2,2,3,3,7,7,8,8,9,9,13,13],"right_children":[2,4,6,8,-1,-1,-1,10,12,14,-1,-1,-1,16,-1,-1,-1],"split_conditions":[2.126225E1,5.4130945E-2,3.5093517E1,5.286761E2,2.3666666E0,9.731556E0,5.248073E0,4.58713E2,9.831869E0,6.200362E0,5.798231E-1,1.471741E0,1.9562249E0,1.2111707E0,1.10925004E-1,1.113017E0,1.3824923E0],"split_indices":[0,1,0,3,0,0,0,3,0,0,0,0,0,0,0,0,0],"sum_hessian":[4.13E2,3.66E2,4.7E1,3.03E2,6.3E1,1.3E1,3.4E1,1.68E2,1.35E2,9E1,7.8E1,9.7E1,3.8E1,8.9E1,1E0,4.3E1,4.6E1],"tree_param":{"num_deleted":"0","num_feature":"6","num_nodes":"17","size_leaf_vector":"0"}},{"base_weights":[4.8592E0,3.4066458E0,1.5863953E1,2.9422703E0,5.559201E0,2.3402075E1,1.2395448E1,2.2276194E0,3.8086948E0,6.7224417E0,4.7898264E0,2.9561222E0,1.3602601E0,3.4490798E0,4.6146836E0,2.9819837E0,3.1428748E-1,2.622335E0,3.2552297E0],"default_left":[true,true,true,true,true,false,false,true,true,false,false,true,false,false,false,true,false,false,false],"id":2,"leaf_child_counts":[0,0,0,0,0,0,0,0,0,0,0,0,0,0,0,0,0,0,0],"left_children":[1,3,5,7,9,-1,-1,11,13,-1,-1,15,-1,-1,-1,17,-1,-1,-1],"loss_changes":[6.563746E3,3.5049414E2,9.649297E2,1.7974976E2,2.5078613E1,0E0,0E0,1.02765564E2,2.3502563E1,0E0,0E0,5.2800903E0,0E0,0E0,0E0,3.0822754E-1,0E0,0E0,0E0],"parents":[2147483647,0,0,1,1,2,2,3,3,4,4,7,7,8,8,11,11,15,15],"right_children":[2,4,6,8,10,-1,-1,12,14,-1,-1,16,-1,-1,-1,18,-1,-1,-1],"split_conditions":[2.126225E1,5.4130945E-2,3.5093517E1,5.286761E2,3.5302458E0,7.0206227E0,3.7186344E0,4.58713E2,9.831869E0,2.0167327E0,1.436948E0,6.200362E0,4.0807804E-1,1.034724E0,1.3844051E0,1.2111707E0,9.428625E-2,7.8670055E-1,9.7656894E-1],"split_indices":[0,1,0,3,0,0,0,3,0,0,0,0,0,0,0,0,0,0,0],"sum_hessian":[4.13E2,3.66E2,4.7E1,3.03E2,6.3E1,1.3E1,3.4E1,1.68E2,1.35E2,2.2E1,4.1E1,9E1,7.8E1,9.7E1,3.8E1,8.9E1,1E0,4.3E1,4.6E1],"tree_param":{"num_deleted":"0","num_feature":"6","num_nodes":"19","size_leaf_vector":"0"}},{"base_weights":[3.4470382E0,2.4068277E0,1.1328501E1,2.0749996E0,3.9454045E0,1.6882925E1,8.783059E0,1.5727396E0,2.683874E0,4.7933936E0,3.3870914E0,2.089698E0,9.573477E-1,2.4249141E0,3.2657762E0,2.1069803E0,2.6714435E-1,1.8535141E0,2.2994385E0],"default_left":[true,true,true,true,true,false,false,true,true,false,false,true,false,false,false,true,false,false,false],"id":3,"leaf_child_counts":[0,0,0,0,0,0,0,0,0,0,0,0,0,0,0,0,0,0,0],"left_children":[1,3,5,7,9,-1,-1,11,13,-1,-1,15,-1,-1,-1,17,-1,-1,-1],"loss_changes":[3.3668633E3,1.7918262E2,5.303628E2,8.8746216E1,1.4064697E1,0E0,0E0,5.1763763E1,1.2574524E1,0E0,0E0,2.3034363E0,0E0,0E0,0E0,1.282959E-1,0E0,0E0,0E0],"parents":[2147483647,0,0,1,1,2,2,3,3,4,4,7,7,8,8,11,11,15,15],"right_children":[2,4,6,8,10,-1,-1,12,14,-1,-1,16,-1,-1,-1,18,-1,-1,-1],"split_conditions":[2.126225E1,5.4130945E-2,3.5093517E1,5.286761E2,3.5302458E0,5.0648775E0,2.6349177E0,4.58713E2,9.831869E0,1.4380181E0,1.0161275E0,6.200362E0,2.8720433E-1,7.274743E-1,9.797329E-1,1.2111707E0,8.014331E-2,5.5605423E-1,6.8983155E-1],"split_indices":[0,1,0,3,0,0,0,3,0,0,0,0,0,0,0,0,0,0,0],"sum_hessian":[4.13E2,3.66E2,4.7E1,3.03E2,6.3E1,1.3E1,3.4E1,1.68E2,1.35E2,2.2E1,4.1E1,9E1,7.8E1,9.7E1,3.8E1,8.9E1,1E0,4.3E1,4.6E1],"tree_param":{"num_deleted":"0","num_feature":"6","num_nodes":"19","size_leaf_vector":"0"}},{"base_weights":[2.4454734E0,1.7005138E0,8.090363E0,1.4634221E0,2.8001292E0,1.2179824E1,6.223425E0,1.1104634E0,1.8912647E0,3.4178982E0,2.3951573E0,1.4773602E0,6.7377895E-1,1.7048631E0,2.3111646E0,1.4887294E0,2.2707269E-1,1.3100973E0,1.6242841E0],"default_left":[true,true,true,true,true,false,false,true,true,false,false,true,false,false,false,true,false,false,false],"id":4,"leaf_child_counts":[0,0,0,0,0,0,0,0,0,0,0,0,0,0,0,0,0,0,0],"left_children":[1,3,5,7,9,-1,-1,11,13,-1,-1,15,-1,-1,-1,17,-1,-1,-1],"loss_changes":[1.7272007E3,9.158276E1,2.9066895E2,4.3807068E1,7.8250427E0,0E0,0E0,2.6081451E1,6.7044983E0,0E0,0E0,9.5547485E-1,0E0,0E0,0E0,5.1330566E-2,0E0,0E0,0E0],"parents":[2147483647,0,0,1,1,2,2,3,3,4,4,7,7,8,8,11,11,15,15],"right_children":[2,4,6,8,10,-1,-1,12,14,-1,-1,16,-1,-1,-1,18,-1,-1,-1],"split_conditions":[2.126225E1,5.4130945E-2,3.5093517E1,5.286761E2,3.5302458E0,3.6539474E0,1.8670275E0,4.58713E2,9.831869E0,1.0253695E0,7.185472E-1,6.200362E0,2.021337E-1,5.1145893E-1,6.933494E-1,1.2111707E0,6.8121806E-2,3.930292E-1,4.8728526E-1],"split_indices":[0,1,0,3,0,0,0,3,0,0,0,0,0,0,0,0,0,0,0],