{"learner":{"attributes":{"best_iteration":"0","best_msg":"[0]\tvalidation_0-rmse:8.33586\tvalidation_0-logloss:-373.86865\tvalidation_1-rmse:8.99339\tvalidation_1-logloss:-437.42978","best_score":"-437.429779","scikit_learn":"{\"n_estimators\": 100, \"objective\": \"reg:squarederror\", \"max_depth\": null, \"learning_rate\": null, \"verbosity\": null, \"booster\": null, \"tree_method\": null, \"gamma\": null, \"min_child_weight\": null, \"max_delta_step\": null, \"subsample\": null, \"colsample_bytree\": null, \"colsample_bylevel\": null, \"colsample_bynode\": null, \"reg_alpha\": null, \"reg_lambda\": null, \"scale_pos_weight\": null, \"base_score\": null, \"missing\": NaN, \"num_parallel_tree\": null, \"kwargs\": {}, \"random_state\": 42, \"n_jobs\": null, \"monotone_constraints\": null, \"interaction_constraints\": null, \"importance_type\": \"gain\", \"gpu_id\": null, \"validate_parameters\": null, \"n_features_in_\": 6, \"evals_result_\": {\"validation_0\": {\"rmse\": [8.335861, 6.144002, 4.692845, 3.772329, 3.220127, 2.907895, 2.740018, 2.652892, 2.608637, 2.586425], \"logloss\": [-373.868652, -373.868652, -373.868652, -373.868652, -373.868652, -373.868652, -373.868652, -373.868652, -373.868652, -373.868652]}, \"validation_1\": {\"rmse\": [8.993389, 6.387791, 4.57869, 3.338182, 2.506423, 1.968783, 1.638748, 1.447942, 1.34364, 1.289015], \"logloss\": [-437.429779, -437.429779, -437.429779, -437.429779, -437.429779, -437.429779, -437.429779, -437.429779, -437.429779, -437.429779]}}, \"best_score\": -437.429779, \"best_iteration\": 0, \"best_ntree_limit\": 1, \"type\": \"XGBRegressor\"}"},"gradient_booster":{"model":{"gbtree_model_param":{"num_trees":"11","size_leaf_vector":"0"},"tree_info":[0,0,0,0,0,0,0,0,0,0,0],"trees":[{"base_weights":[1.0575633E1,1.1398255E1,2.5766666E0,7.385889E0,1.329891E1],"default_left":[true,true,false,false,false],"id":0,"leaf_child_counts":[0,0,0,0,0],"left_children":[1,3,-1,-1,-1],"loss_changes":[9.3791016E2,9.160508E2,0E0,0E0,0E0],"parents":[2147483647,0,0,1,1],"right_children":[2,4,-1,-1,-1],"split_conditions":[5.066312E0,1.9404219E0,7.73E-1,2.215767E0,3.9896731E0],"split_indices":[0,0,0,0,0],"sum_hessian":[1.46E2,1.32E2,1.4E1,4.4E1,8.8E1],"tree_param":{"num_deleted":"0","num_feature":"6","num_nodes":"5","size_leaf_vector":"0"}},{"base_weights":[7.450415E0,8.025436E0,1.8551999E0,5.2193613E0,9.354065E0],"default_left":[true,true,false,false,false],"id":1,"leaf_child_counts":[0,0,0,0,0],"left_children":[1,3,-1,-1,-1],"loss_changes":[4.5806396E2,4.4703223E2,0E0,0E0,0E0],"parents":[2147483647,0,0,1,1],"right_children":[2,4,-1,-1,-1],"split_conditions":[5.066312E0,1.9404219E0,5.5656E-1,1.5658084E0,2.8062196E0],"split_indices":[0,0,0,0,0],"sum_hessian":[1.46E2,1.32E2,1.4E1,4.4E1,8.8E1],"tree_param":{"num_deleted":"0","num_feature":"6","num_nodes":"5","size_leaf_vector":"0"}},{"base_weights":[5.2488184E0,5.6506777E0,1.3357439E0,3.6883488E0,6.5793757E0],"default_left":[true,true,false,false,false],"id":2,"leaf_child_counts":[0,0,0,0,0],"left_children":[1,3,-1,-1,-1],"loss_changes":[2.2361035E2,2.1811377E2,0E0,0E0,0E0],"parents":[2147483647,0,0,1,1],"right_children":[2,4,-1,-1,-1],"split_conditions":[5.066312E0,1.9404219E0,4.007232E-1,1.1065047E0,1.9738128E0],"split_indices":[0,0,0,0,0],"sum_hessian":[1.46E2,1.32E2,1.4E1,4.4E1,8.8E1],"tree_param":{"num_deleted":"0","num_feature":"6","num_nodes":"5","size_leaf_vector":"0"}},{"base_weights":[3.6978533E0,3.9786346E0,9.617356E-1,2.6064332E0,4.6277404E0],"default_left":[true,true,false,false,false],"id":3,"leaf_child_counts":[0,0,0,0,0],"left_children":[1,3,-1,-1,-1],"loss_changes":[1.09106445E2,1.0640161E2,0E0,0E0,0E0],"parents":[2147483647,0,0,1,1],"right_children":[2,4,-1,-1,-1],"split_conditions":[5.066312E0,1.9404219E0,2.885207E-1,7.8192997E-1,1.3883221E0],"split_indices":[0,0,0,0,0],"sum_hessian":[1.46E2,1.32E2,1.4E1,4.4E1,8.8E1],"tree_param":{"num_deleted":"0","num_feature":"6","num_nodes":"5","size_leaf_vector":"0"}},{"base_weights":[2.6052237E0,2.801362E0,6.924495E-1,1.8418795E0,3.2550175E0],"default_left":[true,true,false,false,false],"id":4,"leaf_child_counts":[0,0,0,0,0],"left_children":[1,3,-1,-1,-1],"loss_changes":[5.320984E1,5.189624E1,0E0,0E0,0E0],"parents":[2147483647,0,0,1,1],"right_children":[2,4,-1,-1,-1],"split_conditions":[5.066312E0,1.9404219E0,2.0773487E-1,5.5256385E-1,9.765053E-1],"split_indices":[0,0,0,0,0],"sum_hessian":[1.46E2,1.32E2,1.4E1,4.4E1,8.8E1],"tree_param":{"num_deleted":"0","num_feature":"6","num_nodes":"5","size_leaf_vector":"0"}},{"base_weights":[1.8354716E0,1.9724503E0,4.9856368E-1,1.3015951E0,2.2894843E0],"default_left":[true,true,false,false,false],"id":5,"leaf_child_counts":[0,0,0,0,0],"left_children":[1,3,-1,-1,-1],"loss_changes":[2.5936401E1,2.5307007E1,0E0,0E0,0E0],"parents":[2147483647,0,0,1,1],"right_children":[2,4,-1,-1,-1],"split_conditions":[5.066312E0,1.9404219E0,1.4956911E-1,3.9047855E-1,6.868453E-1],"split_indices":[0,0,0,0,0],"sum_hessian":[1.46E2,1.32E2,1.4E1,4.4E1,8.8E1],"tree_param":{"num_deleted":"0","num_feature":"6","num_nodes":"5","size_leaf_vector":"0"}},{"base_weights":[1.293176E0,1.3888149E0,3.5896593E-1,9.197937E-1,1.6103559E0],"default_left":[true,true,false,false,false],"id":6,"leaf_child_counts":[0,0,0,0,0],"left_children":[1,3,-1,-1,-1],"loss_changes":[1.2635468E1,1.233847E1,0E0,0E0,0E0],"parents":[2147483647,0,0,1,1],"right_children":[2,4,-1,-1,-1],"split_conditions":[5.066312E0,1.9404219E0,1.0768978E-1,2.7593812E-1,4.8310676E-1],"split_indices":[0,0,0,0,0],"sum_hessian":[1.46E2,1.32E2,1.4E1,4.4E1,8.8E1],"tree_param":{"num_deleted":"0","num_feature":"6","num_nodes":"5","size_leaf_vector":"0"}},{"base_weights":[9.111195E-1,9.7787774E-1,2.584554E-1,6.4998764E-1,1.1326774E0],"default_left":[true,true,false,false,false],"id":7,"leaf_child_counts":[0,0,0,0,0],"left_children":[1,3,-1,-1,-1],"loss_changes":[6.1521606E0,6.014488E0,0E0,0E0,0E0],"parents":[2147483647,0,0,1,1],"right_children":[2,4,-1,-1,-1],"split_conditions":[5.066312E0,1.9404219E0,7.753662E-2,1.949963E-1,3.3980325E-1],"split_indices":[0,0,0,0,0],"sum_hessian":[1.46E2,1.32E2,1.4E1,4.4E1,8.8E1],"tree_param":{"num_deleted":"0","num_feature":"6","num_nodes":"5","size_leaf_vector":"0"}},{"base_weights":[6.4194894E-1,6.8853515E-1,1.860879E-1,4.5932454E-1,7.966918E-1],"default_left":[true,true,false,false,false],"id":8,"leaf_child_counts":[0,0,0,0,0],"left_children":[1,3,-1,-1,-1],"loss_changes":[2.9936905E0,2.9312172E0,0E0,0E0,0E0],"parents":[2147483647,0,0,1,1],"right_children":[2,4,-1,-1,-1],"split_conditions":[5.066312E0,1.9404219E0,5.5826373E-2,1.3779737E-1,2.3900755E-1],"split_indices":[0,0,0,0,0],"sum_hessian":[1.46E2,1.32E2,1.4E1,4.4E1,8.8E1],"tree_param":{"num_deleted":"0","num_feature":"6","num_nodes":"5","size_leaf_vector":"0"}},{"base_weights":[4.5230705E-1,4.8480743E-1,1.3398324E-1,3.2458937E-1,5.603693E-1],"default_left":[true,true,false,false,false],"id":9,"leaf_child_counts":[0,0,0,0,0],"left_children":[1,3,-1,-1,-1],"loss_changes":[1.4558525E0,1.4282608E0,0E0,0E0,0E0],"parents":[2147483647,0,0,1,1],"right_children":[2,4,-1,-1,-1],"split_conditions":[5.066312E0,1.9404219E0,4.0194973E-2,9.7376816E-2,1.681108E-1],"split_indices":[0,0,0,0,0],"sum_hessian":[1.46E2,1.32E2,1.4E1,4.4E1,8.8E1],"tree_param":{"num_deleted":"0","num_feature":"6","num_nodes":"5","size_leaf_vector":"0"}},{"base_weights":[3.1869438E-1,3.413613E-1,9.646793E-2,2.2937647E-1,3.9414734E-1],"default_left":[true,true,false,false,false],"id":10,"leaf_child_counts":[0,0,0,0,0],"left_children":[1,3,-1,-1,-1],"loss_changes":[7.0753765E-1,6.957855E-1,0E0,0E0,0E0],"parents":[2147483647,0,0,1,1],"right_children":[2,4,-1,-1,-1],"split_conditions":[5.066312E0,1.9404219E0,2.894038E-2,6.8812944E-2,1.1824421E-1],"split_indices":[0,0,0,0,0],"sum_hessian":[1.46E2,1.32E2,1.4E1,4.4E1,8.8E1],"tree_param":{"num_deleted":"0","num_feature":"6","num_nodes":"5","size_leaf_vector":"0"}}]},"name":"gbtree"},"learner_model_param":{"base_score":"5E-1","num_class":"0","num_feature":"6"},