{"learner":{"attributes":{"best_iteration":"0","best_msg":"[0]\tvalidation_0-rmse:8.64111\tvalidation_0-logloss:-169.80182\tvalidation_1-rmse:9.26250\tvalidation_1-logloss:-245.86266","best_score":"-245.862656","scikit_learn":"{\"n_estimators\": 100, \"objective\": \"reg:squarederror\", \"max_depth\": null, \"learning_rate\": null, \"verbosity\": null, \"booster\": null, \"tree_method\": null, \"gamma\": null, \"min_child_weight\": null, \"max_delta_step\": null, \"subsample\": null, \"colsample_bytree\": null, \"colsample_bylevel\": null, \"colsample_bynode\": null, \"reg_alpha\": null, \"reg_lambda\": null, \"scale_pos_weight\": null, \"base_score\": null, \"missing\": NaN, \"num_parallel_tree\": null, \"kwargs\": {}, \"random_state\": 42, \"n_jobs\": null, \"monotone_constraints\": null, \"interaction_constraints\": null, \"importance_type\": \"gain\", \"gpu_id\": null, \"validate_parameters\": null, \"n_features_in_\": 6, \"evals_result_\": {\"validation_0\": {\"rmse\": [8.641108, 6.687424, 5.459749, 4.731036, 4.322575, 4.104022, 3.990726, 3.933089, 3.904068, 3.889536], \"logloss\": [-169.801819, -173.743378, -173.780258, -173.802231, -173.815414, -173.8237, -173.828674, -173.831635, -173.833374, -173.834396]}, \"validation_1\": {\"rmse\": [9.262499, 6.549853, 4.667816, 3.383774, 2.53475, 2.00243, 1.693681, 1.530915, 1.453631, 1.421198], \"logloss\": [-245.862656, -243.053162, -243.087463, -243.107727, -243.119629, -243.126602, -243.130386, -243.132416, -243.133301, -243.133881]}}, \"best_score\": -245.862656, \"best_iteration\": 0, \"best_ntree_limit\": 1, \"type\": \"XGBRegressor\"}"},"gradient_booster":{"model":{"gbtree_model_param":{"num_trees":"11","size_leaf_vector":"0"},"tree_info":[0,0,0,0,0,0,0,0,0,0,0],"trees":[{"base_weights":[4.598135E0,-1.0527826E-1,2.4922415E1,-3.5535324E-1,1.5737333E0,-3.433331E-3,-4.1466862E-1,-3.33E-1,1.1134783E-1,-3.6804053E-1,-4.4533333E-1],"default_left":[true,true,false,true,false,true,true,false,false,false,false],"id":0,"leaf_child_counts":[0,0,0,0,0,0,0,0,0,0,0],"left_children":[1,3,-1,5,-1,7,9,-1,-1,-1,-1],"loss_changes":[2.6959988E4,9.713135E1,0E0,4.1943016E0,0E0,1.1719203E0,8.203125E-2,0E0,0E0,0E0,0E0],"parents":[2147483647,0,0,1,1,3,3,5,5,6,6],"right_children":[2,4,-1,6,-1,8,10,-1,-1,-1,-1],"split_conditions":[2.8363216E1,1.8597675E1,7.4767246E0,2.0641286E0,4.7212002E-1,1.2250955E0,4.484595E0,-9.990001E-2,3.340435E-2,-1.10412166E-1,-1.3360001E-1],"split_indices":[0,0,0,0,0,0,0,0,0,0,0],"sum_hessian":[2.81E2,2.29E2,5.2E1,2E2,2.9E1,2.9E1,1.71E2,7E0,2.2E1,7.3E1,9.8E1],"tree_param":{"num_deleted":"0","num_feature":"6","num_nodes":"11","size_leaf_vector":"0"}},{"base_weights":[3.2457807E0,-7.299212E-2,1.7586761E1,-2.5029206E-1,1.1173506E0,-4.619852E-3,-2.9168668E-1,-2.455875E-1,7.9395846E-2,-3.3341035E-1,-2.6810706E-1,-2.7400568E-1,-1.6818917E-1],"default_left":[true,true,false,true,false,true,true,false,false,false,true,false,false],"id":1,"leaf_child_counts":[0,0,0,0,0,0,0,0,0,0,0,0,0],"left_children":[1,3,-1,5,-1,7,9,-1,-1,-1,11,-1,-1],"loss_changes":[1.3422919E4,4.8820633E1,0E0,2.0427237E0,0E0,6.2685055E-1,7.9829216E-2,0E0,0E0,0E0,2.169323E-2,0E0,0E0],"parents":[2147483647,0,0,1,1,3,3,5,5,6,6,10,10],"right_children":[2,4,-1,6,-1,8,10,-1,-1,-1,12,-1,-1],"split_conditions":[2.8363216E1,1.8597675E1,5.2760286E0,2.0641286E0,3.352052E-1,1.2250955E0,4.19975E2,-7.367625E-2,2.3818756E-2,-1.0002311E-1,4.9846893E2,-8.2201704E-2,-5.045675E-2],"split_indices":[0,0,0,0,0,0,4,0,0,0,3,0,0],"sum_hessian":[2.81E2,2.29E2,5.2E1,2E2,2.9E1,2.9E1,1.71E2,7E0,2.2E1,5.7E1,1.14E2,1.06E2,8E0],"tree_param":{"num_deleted":"0","num_feature":"6","num_nodes":"13","size_leaf_vector":"0"}},{"base_weights":[2.2909424E0,-5.0865497E-2,1.2410279E1,-1.766101E-1,7.9331887E-1,-4.8957947E-3,-2.0553347E-1,-1.8112077E-1,5.6612708E-2,-2.3511176E-1,-1.8882847E-1,-2.04826E-1,-1.6223139E-1],"default_left":[true,true,false,true,false,true,true,false,false,false,true,false,false],"id":2,"leaf_child_counts":[0,0,0,0,0,0,0,0,0,0,0,0,0],"left_children":[1,3,-1,5,-1,7,9,-1,-1,-1,11,-1,-1],"loss_changes":[6.6833384E3,2.4554983E1,0E0,9.9727154E-1,0E0,3.3543375E-1,4.0590286E-2,0E0,0E0,0E0,1.5702248E-2,0E0,0E0],"parents":[2147483647,0,0,1,1,3,3,5,5,6,6,10,10],"right_children":[2,4,-1,6,-1,8,10,-1,-1,-1,12,-1,-1],"split_conditions":[2.8363216E1,1.8597675E1,3.723084E0,2.0641286E0,2.3799567E-1,1.2250955E0,4.19975E2,-5.433623E-2,1.6983813E-2,-7.053353E-2,4.9010333E2,-6.1447803E-2,-4.8669416E-2],"split_indices":[0,0,0,0,0,0,4,0,0,0,3,0,0],"sum_hessian":[2.81E2,2.29E2,5.2E1,2E2,2.9E1,2.9E1,1.71E2,7E0,2.2E1,5.7E1,1.14E2,6.7E1,4.7E1],"tree_param":{"num_deleted":"0","num_feature":"6","num_nodes":"13","size_leaf_vector":"0"}},{"base_weights":[1.616933E0,-3.551892E-2,8.757442E0,-1.2471166E-1,5.6325644E-1,-4.672135E-3,-1.4492372E-1,-1.3357657E-1,4.0367328E-2,-1.6579433E-1,-1.3313746E-1,-1.3635622E-1,-8.007701E-2,-1.5392445E-1,-1.23570345E-1],"default_left":[true,true,false,true,false,true,true,false,false,false,true,true,false,false,false],"id":3,"leaf_child_counts":[0,0,0,0,0,0,0,0,0,0,0,0,0,0,0],"left_children":[1,3,-1,5,-1,7,9,-1,-1,-1,11,13,-1,-1,-1],"loss_changes":[3.3277275E3,1.2353721E1,0E0,4.8699832E-1,0E0,1.7956573E-1,2.0236254E-2,0E0,0E0,0E0,8.72159E-3,5.0144196E-3,0E0,0E0,0E0],"parents":[2147483647,0,0,1,1,3,3,5,5,6,6,10,10,11,11],"right_children":[2,4,-1,6,-1,8,10,-1,-1,-1,12,14,-1,-1,-1],"split_conditions":[2.8363216E1,1.8597675E1,2.6272328E0,2.0641286E0,1.6897693E-1,1.2250955E0,4.19975E2,-4.0072974E-2,1.2110199E-2,-4.97383E-2,4.9846893E2,1.4319058E3,-2.4023103E-2,-4.6177335E-2,-3.7071105E-2],"split_indices":[0,0,0,0,0,0,4,0,0,0,3,5,0,0,0],"sum_hessian":[2.81E2,2.29E2,5.2E1,2E2,2.9E1,2.9E1,1.71E2,7E0,2.2E1,5.7E1,1.14E2,1.06E2,8E0,4E1,6.6E1],"tree_param":{"num_deleted":"0","num_feature":"6","num_nodes":"15","size_leaf_vector":"0"}},{"base_weights":[1.1411126E0,-2.4932776E-2,6.179779E0,-8.821842E-2,3.9991215E-1,-4.2025684E-3,-1.0235945E-1,-9.8512724E-2,2.8783683E-2,-1.1691359E-1,-9.4129026E-2,-1.02399305E-1,-8.045177E-2,-1.1274225E-1,-7.5648494E-2],"default_left":[true,true,false,true,false,true,true,false,false,false,true,true,false,false,false],"id":4,"leaf_child_counts":[0,0,0,0,0,0,0,0,0,0,0,0,0,0,0],"left_children":[1,3,-1,5,-1,7,9,-1,-1,-1,11,13,-1,-1,-1],"loss_changes":[1.6569927E3,6.2191944E0,0E0,2.3837197E-1,0E0,9.6163705E-2,9.598374E-3,0E0,0E0,0E0,4.7700405E-3,1.0285616E-2,0E0,0E0,0E0],"parents":[2147483647,0,0,1,1,3,3,5,5,6,6,10,10,11,11],"right_children":[2,4,-1,6,-1,8,10,-1,-1,-1,12,14,-1,-1,-1],"split_conditions":[2.8363216E1,1.8597675E1,1.8539338E0,2.0641286E0,1.1997365E-1,1.2250955E0,4.19975E2,-2.9553818E-2,8.635106E-3,-3.5074078E-2,4.9010333E2,4.6355573E2,-2.4135532E-2,-3.3822678E-2,-2.2694549E-2],"split_indices":[0,0,0,0,0,0,4,0,0,0,3,4,0,0,0],"sum_hessian":[2.81E2,2.29E2,5.2E1,2E2,2.9E1,2.9E1,1.71E2,7E0,2.2E1,5.7E1,1.14E2,6.7E1,4.7E1,4.6E1,2.1E1],"tree_param":{"num_deleted":"0","num_feature":"6","num_nodes":"15","size_leaf_vector":"0"}},{"base_weights":[8.0529404E-1,-1.7525429E-2,4.3608255E0,-6.243272E-2,2.839376E-1,-3.6390875E-3,-7.232445E-2,-7.265313E-2,2.052402E-2,-6.4094335E-2,-8.2864955E-2,-6.792483E-2,8.367678E-2,-7.758819E-2,-5.84352E-2],"default_left":[true,true,false,true,false,true,true,false,false,true,false,true,false,false,false],"id":5,"leaf_child_counts":[0,0,0,0,0,0,0,0,0,0,0,0,0,0,0],"left_children":[1,3,-1,5,-1,7,9,-1,-1,11,-1,13,-1,-1,-1],"loss_changes":[8.250845E2,3.1314416E0,0E0,1.1663246E-1,0E0,5.1518947E-2,9.609699E-3,0E0,0E0,6.2853426E-2,0E0,4.544586E-3,0E0,0E0,0E0],"parents":[2147483647,0,0,1,1,3,3,5,5,6,6,9,9,11,11],"right_children":[2,4,-1,6,-1,8,10,-1,-1,12,-1,14,-1,-1,-1],"split_conditions":[2.8363216E1,1.8597675E1,1.3082477E0,2.0641286E0,8.518128E-2,1.2250955E0,7.629884E0,-2.179594E-2,6.157206E-3,5.2524333E0,-2.4859488E-2,4.9413495E2,2.5103034E-2,-2.327646E-2,-1.753056E-2],"split_indices":[0,0,0,0,0,0,0,0,0,0,0,3,0,0,0],