{"R2": 0.323, "RMSE_68%": 6.592023, "RMSE_95%": 13.184046}