{"R2": -0.0795, "RMSE_68%": 11.009354, "RMSE_95%": 22.018708}